timestep;x;y;z;w;p;r
0;-120;-140;-12;-176;1;84
4;-120;-140;-12.369226;-176;1;84
8;-120;-140;-12.735439;-176;1;84
12;-120;-140;-13.098678;-176;1;84
16;-120;-140;-13.458979;-176;1;84
20;-120.000008;-140;-13.816377;-176;1;84
24;-120;-140;-14.170911;-176;1;84
28;-120;-140;-14.522617;-176;1;84
32;-120.000008;-140;-14.871532;-176;1;84
36;-120;-140;-15.217688;-176;1;84
40;-119.999992;-139.999985;-15.561122;-176;1;84
44;-120;-140;-15.901867;-176;1;84
48;-120;-140;-16.239956;-176;1;84
52;-120;-140;-16.575428;-176;1;84
56;-120;-140;-16.908308;-176;1;84
60;-120;-140;-17.238636;-176;1;84
64;-120;-140;-17.566437;-176;1;84
68;-120;-140;-17.891748;-176;1;84
72;-120;-140;-18.214598;-176;1;84
76;-120;-140;-18.535019;-176;1;84
80;-119.999992;-139.999985;-18.853039;-176;1;84
84;-119.999992;-139.999985;-19.16869;-176;1;84
88;-120;-140;-19.482002;-176;1;84
92;-120;-140;-19.792999;-176;1;84
96;-120;-140;-20.101717;-176;1;84
100;-120;-140;-20.40818;-176;1;84
104;-119.999992;-139.999985;-20.712416;-176;1;84
108;-120;-140;-21.014456;-176;1;84
112;-120;-140;-21.314322;-176;1;84
116;-120.000008;-140;-21.612045;-176;1;84
120;-120.000008;-140;-21.907646;-176;1;84
124;-120;-140;-22.201155;-176;1;84
128;-120;-140;-22.492599;-176;1;84
132;-120.000008;-140;-22.781998;-176;1;84
136;-120;-140;-23.069382;-176;1;84
140;-120;-140;-23.354771;-176;1;84
144;-119.999992;-140;-23.638193;-176;1;84
148;-119.999992;-140;-23.919668;-176;1;84
152;-120;-140;-24.199223;-176;1;84
156;-120.000008;-140;-24.476879;-176;1;84
160;-120.000008;-140;-24.752659;-176;1;84
164;-120;-140;-25.026587;-176;1;84
168;-120;-140.000015;-25.298681;-176;1;84
172;-120;-140.000015;-25.568966;-176;1;84
176;-119.999992;-140;-25.837461;-176;1;84
180;-120;-140;-26.104191;-176;1;84
184;-120;-140;-26.369173;-176;1;84
188;-120;-140;-26.632429;-176;1;84
192;-120;-140;-26.89398;-176;1;84
196;-120.000008;-140;-27.153847;-176;1;84
200;-120;-140;-27.412043;-176;1;84
204;-120;-140;-27.668592;-176;1;84
208;-120;-140;-27.923513;-176;1;84
212;-119.999992;-139.999985;-28.176825;-176;1;84
216;-119.999992;-140;-28.428547;-176;1;84
220;-119.999992;-140;-28.678696;-176;1;84
224;-120;-140;-28.927292;-176;1;84
228;-120.000008;-140;-29.174351;-176;1;84
232;-120;-140;-29.419884;-176;1;84
236;-120;-140;-29.663919;-176;1;84
240;-120;-140;-29.906467;-176;1;84
244;-119.999992;-140;-30.147545;-176;1;84
248;-120;-140;-30.387171;-176;1;84
252;-120;-140;-30.625362;-176;1;84
256;-120;-140;-30.862131;-176;1;84
260;-120;-140;-31.097494;-176;1;84
264;-119.999992;-139.999985;-31.331469;-176;1;84
268;-119.999992;-139.999985;-31.564068;-176;1;84
272;-120;-140;-31.795311;-176;1;84
276;-120;-140;-32.025208;-176;1;84
280;-120;-140;-32.253773;-176;1;84
284;-120;-140;-32.48103;-176;1;84
288;-120;-140;-32.706978;-176;1;84
292;-119.999992;-140;-32.931644;-176;1;84
296;-120;-140;-33.155037;-176;1;84
300;-120.000008;-140;-33.377167;-176;1;84
304;-120;-140;-33.598049;-176;1;84
308;-119.999992;-140;-33.817703;-176;1;84
312;-120;-140;-34.036137;-176;1;84
316;-120;-140.000015;-34.253361;-176;1;84
320;-120;-140;-34.469391;-176;1;84
324;-120;-140.000015;-34.684246;-176;1;84
328;-120;-140;-34.897923;-176;1;84
332;-120.000008;-140;-35.110443;-176;1;84
336;-120;-140;-35.321819;-176;1;84
340;-120.000008;-140;-35.532066;-176;1;84
344;-120;-140;-35.741188;-176;1;84
348;-120;-140;-35.949196;-176;1;84
352;-120;-140;-36.156105;-176;1;84
356;-120;-140;-36.361931;-176;1;84
360;-120.000008;-140;-36.566681;-176;1;84
364;-120.000008;-140;-36.770363;-176;1;84
368;-120;-140;-36.972992;-176;1;84
372;-120;-140;-37.174572;-176;1;84
376;-120;-140;-37.375118;-176;1;84
380;-120.000008;-140;-37.574646;-176;1;84
384;-120;-140;-37.773155;-176;1;84
388;-120;-140;-37.970661;-176;1;84
392;-120;-140;-38.167175;-176;1;84
396;-120;-140;-38.362705;-176;1;84
400;-119.999992;-140;-38.557255;-176;1;84
404;-120;-140;-38.750847;-176;1;84
408;-119.999992;-140;-38.943481;-176;1;84
412;-119.999992;-140;-39.13517;-176;1;84
416;-120;-140;-39.325924;-176;1;84
420;-120;-140;-39.515747;-176;1;84
424;-120.000008;-140;-39.704655;-176;1;84
428;-120;-140;-39.892647;-176;1;84
432;-120.000008;-140;-40.079742;-176;1;84
436;-120.000008;-140;-40.265942;-176;1;84
440;-119.999992;-140;-40.45126;-176;1;84
444;-120;-140;-40.635693;-176;1;84
448;-120;-140;-40.819263;-176;1;84
452;-120;-140;-41.00198;-176;1;84
456;-119.999992;-140;-41.183838;-176;1;84
460;-120;-140;-41.364853;-176;1;84
464;-120;-140;-41.545029;-176;1;84
468;-120;-140;-41.724384;-176;1;84
472;-120;-140;-41.902912;-176;1;84
476;-120;-140;-42.080635;-176;1;84
480;-120.000008;-140;-42.257542;-176;1;84
484;-120;-140;-42.433659;-176;1;84
488;-120;-140;-42.608974;-176;1;84
492;-120;-140;-42.783508;-176;1;84
496;-120;-140;-42.957268;-176;1;84
500;-119.999992;-140;-43.13026;-176;1;84
504;-120;-140;-43.302486;-176;1;84
508;-120;-140;-43.473961;-176;1;84
512;-120;-140.000015;-43.64468;-176;1;84
516;-120;-140;-43.814659;-176;1;84
520;-120;-140;-43.983902;-176;1;84
524;-120;-140;-44.152416;-176;1;84
528;-119.999992;-140;-44.320202;-176;1;84
532;-120;-140;-44.487274;-176;1;84
536;-120.000008;-140;-44.653641;-176;1;84
540;-120.000008;-140;-44.81929;-176;1;84
544;-119.999992;-140;-44.984253;-176;1;84
548;-120.000008;-140;-45.148514;-176;1;84
552;-120;-140;-45.312092;-176;1;84
556;-120.000008;-140;-45.474991;-176;1;84
560;-120;-140;-45.637211;-176;1;84
564;-120;-140;-45.798763;-176;1;84
568;-120;-140;-45.959656;-176;1;84
572;-120.000008;-140;-46.119888;-176;1;84
576;-120;-140;-46.279884;-176;1;84
580;-120;-140;-46.439888;-176;1;84
584;-120;-140;-46.599892;-176;1;84
588;-120.000008;-140;-46.759888;-176;1;84
592;-120;-140;-46.919888;-176;1;84
596;-120;-140;-47.079891;-176;1;84
600;-120;-140;-47.239883;-176;1;84
604;-120.000008;-140;-47.399891;-176;1;84
608;-120.000008;-140.000015;-47.559891;-176;1;84
612;-120;-140;-47.719883;-176;1;84
616;-120;-140;-47.87989;-176;1;84
620;-120.000008;-140;-48.039883;-176;1;84
624;-120;-140;-48.19989;-176;1;84
628;-120.000008;-140;-48.35989;-176;1;84
632;-120;-140;-48.519886;-176;1;84
636;-120;-139.999985;-48.67989;-176;1;84
640;-120.000008;-140;-48.83989;-176;1;84
644;-119.999992;-140;-48.999886;-176;1;84
648;-119.999992;-140;-49.159889;-176;1;84
652;-120.000008;-140.000015;-49.319889;-176;1;84
656;-120;-140;-49.479885;-176;1;84
660;-120.000008;-140;-49.639889;-176;1;84
664;-119.999992;-140;-49.799889;-176;1;84
668;-120;-140;-49.959885;-176;1;84
672;-120.000008;-140;-50.119884;-176;1;84
676;-120;-140;-50.279884;-176;1;84
680;-119.999992;-140;-50.439884;-176;1;84
684;-119.999992;-140;-50.599888;-176;1;84
688;-120;-140;-50.759888;-176;1;84
692;-119.999992;-139.999985;-50.919884;-176;1;84
696;-119.999992;-140;-51.079887;-176;1;84
700;-119.999992;-140;-51.239883;-176;1;84
704;-120;-140;-51.399887;-176;1;84
708;-120;-140;-51.559891;-176;1;84
712;-119.999992;-140;-51.719883;-176;1;84
716;-119.999992;-140;-51.879887;-176;1;84
720;-120;-140;-52.03989;-176;1;84
724;-120;-140;-52.199883;-176;1;84
728;-120;-140;-52.359886;-176;1;84
732;-120;-140;-52.519886;-176;1;84
736;-120;-139.999985;-52.679882;-176;1;84
740;-120;-140;-52.839886;-176;1;84
744;-120;-140;-52.999893;-176;1;84
748;-120;-140;-53.159889;-176;1;84
752;-120;-140;-53.319885;-176;1;84
756;-120;-140;-53.479889;-176;1;84
760;-120;-140;-53.639889;-176;1;84
764;-119.999992;-140;-53.799885;-176;1;84
768;-120.000008;-140;-53.959892;-176;1;84
772;-120;-140;-54.119888;-176;1;84
776;-120;-140;-54.279884;-176;1;84
780;-119.999992;-140;-54.439884;-176;1;84
784;-119.999992;-140;-54.599888;-176;1;84
788;-120.000008;-140;-54.759892;-176;1;84
792;-120;-140;-54.919884;-176;1;84
796;-120;-140;-55.079887;-176;1;84
800;-120;-140;-55.239887;-176;1;84
804;-120;-140;-55.399883;-176;1;84
808;-120;-140;-55.559887;-176;1;84
812;-120;-140;-55.719891;-176;1;84
816;-119.999992;-140;-55.879883;-176;1;84
820;-120;-140;-56.039886;-176;1;84
824;-120;-140;-56.199886;-176;1;84
828;-120;-140;-56.359886;-176;1;84
832;-120;-140;-56.519886;-176;1;84
836;-120.000008;-140;-56.67989;-176;1;84
840;-120.000008;-140;-56.839886;-176;1;84
844;-120;-140;-56.999886;-176;1;84
848;-120;-140;-57.159882;-176;1;84
852;-120.000008;-140;-57.319885;-176;1;84
856;-120;-140;-57.479885;-176;1;84
860;-120;-140;-57.639881;-176;1;84
864;-120;-140;-57.799889;-176;1;84
868;-120.000008;-140.000015;-57.959892;-176;1;84
872;-120;-140;-58.119881;-176;1;84
876;-120;-140;-58.279888;-176;1;84
880;-120;-140.000015;-58.439888;-176;1;84
884;-119.999992;-140;-58.59988;-176;1;84
888;-120.000008;-140;-58.759888;-176;1;84
892;-120.000008;-140;-58.919891;-176;1;84
896;-119.999992;-140;-59.079887;-176;1;84
900;-120;-140;-59.239887;-176;1;84
904;-120.000008;-140;-59.399887;-176;1;84
908;-119.999992;-139.999985;-59.559891;-176;1;84
912;-120;-140;-59.719887;-176;1;84
916;-120;-140;-59.879887;-176;1;84
920;-120;-140;-60.03989;-176;1;84
924;-120;-140;-60.199883;-176;1;84
928;-120;-140;-60.359886;-176;1;84
932;-119.999992;-140;-60.51989;-176;1;84
936;-120;-139.999985;-60.67989;-176;1;84
940;-120.000008;-140.000015;-60.83989;-176;1;84
944;-119.999992;-140;-60.999889;-176;1;84
948;-119.999992;-140;-61.159885;-176;1;84
952;-120.000008;-140.000015;-61.319889;-176;1;84
956;-120;-140;-61.479889;-176;1;84
960;-119.999992;-140;-61.639885;-176;1;84
964;-120;-140;-61.799885;-176;1;84
968;-120.000008;-140.000015;-61.959885;-176;1;84
972;-119.999992;-140;-62.119881;-176;1;84
976;-120;-140;-62.279892;-176;1;84
980;-120;-140;-62.439884;-176;1;84
984;-120;-140;-62.599884;-176;1;84
988;-120;-140;-62.759892;-176;1;84
992;-120.000008;-140;-62.919884;-176;1;84
996;-119.999992;-139.999985;-63.07988;-176;1;84
1000;-119.999992;-140;-63.239887;-176;1;84
1004;-120.000008;-140;-63.399879;-176;1;84
1008;-119.999992;-139.999985;-63.559883;-176;1;84
1012;-120;-140;-63.719891;-176;1;84
1016;-119.999992;-140;-63.87989;-176;1;84
1020;-120;-140;-64.039886;-176;1;84
1024;-120;-140;-64.19989;-176;1;84
1028;-120;-140;-64.359886;-176;1;84
1032;-119.999992;-140;-64.519882;-176;1;84
1036;-120;-139.999985;-64.679886;-176;1;84
1040;-120;-140;-64.83989;-176;1;84
1044;-119.999992;-140;-64.999878;-176;1;84
1048;-119.999992;-140;-65.159882;-176;1;84
1052;-120.000008;-140;-65.319885;-176;1;84
1056;-120;-140;-65.479889;-176;1;84
1060;-119.999992;-140;-65.639885;-176;1;84
1064;-119.999992;-140;-65.799889;-176;1;84
1068;-120.000008;-140;-65.959885;-176;1;84
1072;-119.999992;-140;-66.119881;-176;1;84
1076;-120;-140;-66.279892;-176;1;84
1080;-119.999992;-140;-66.439888;-176;1;84
1084;-120;-140;-66.599884;-176;1;84
1088;-120;-140;-66.759888;-176;1;84
1092;-120;-140;-66.919884;-176;1;84
1096;-119.999992;-140;-67.079887;-176;1;84
1100;-120.000008;-140;-67.239891;-176;1;84
1104;-120.000008;-140;-67.399887;-176;1;84
1108;-120;-140;-67.559891;-176;1;84
1112;-120;-140;-67.719887;-176;1;84
1116;-119.999992;-140;-67.879883;-176;1;84
1120;-120.000008;-140;-68.039886;-176;1;84
1124;-120.000008;-140;-68.19989;-176;1;84
1128;-120;-140;-68.359879;-176;1;84
1132;-119.999992;-140;-68.519882;-176;1;84
1136;-120.000008;-140;-68.679893;-176;1;84
1140;-120;-140;-68.839882;-176;1;84
1144;-120;-140;-68.999886;-176;1;84
1148;-120;-140;-69.159889;-176;1;84
1152;-120.000008;-140;-69.319885;-176;1;84
1156;-120;-140;-69.479881;-176;1;84
1160;-120.000008;-140;-69.639893;-176;1;84
1164;-120;-140;-69.799896;-176;1;84
1168;-120.000008;-140;-69.959877;-176;1;84
1172;-120.000008;-140;-70.119888;-176;1;84
1176;-120.000008;-140;-70.279892;-176;1;84
1180;-119.999992;-140;-70.43988;-176;1;84
1184;-120.000008;-140.000015;-70.599892;-176;1;84
1188;-120.000008;-140;-70.759895;-176;1;84
1192;-120;-140;-70.919884;-176;1;84
1196;-119.999992;-140;-71.079887;-176;1;84
1200;-120.000008;-140.000015;-71.239891;-176;1;84
1204;-119.999992;-140;-71.399879;-176;1;84
1208;-120;-140;-71.559883;-176;1;84
1212;-120;-140.000015;-71.719887;-176;1;84
1216;-120;-140;-71.879883;-176;1;84
1220;-120.000008;-140;-72.039886;-176;1;84
1224;-120.000008;-140;-72.199883;-176;1;84
1228;-119.999992;-140;-72.359879;-176;1;84
1232;-119.999992;-140;-72.519875;-176;1;84
1236;-120.000008;-140;-72.679886;-176;1;84
1240;-119.999992;-139.999985;-72.83989;-176;1;84
1244;-119.999992;-140;-72.999878;-176;1;84
1248;-120;-140;-73.159889;-176;1;84
1252;-120;-139.999985;-73.319885;-176;1;84
1256;-119.999992;-140;-73.479881;-176;1;84
1260;-120.000008;-140;-73.639885;-176;1;84
1264;-119.999992;-140;-73.799889;-176;1;84
1268;-120;-139.999985;-73.959885;-176;1;84
1272;-120.000008;-140;-74.119881;-176;1;84
1276;-120.000008;-140;-74.279884;-176;1;84
1280;-119.999992;-139.999985;-74.43988;-176;1;84
1284;-120.000008;-140;-74.599892;-176;1;84
1288;-120.000008;-140;-74.759888;-176;1;84
1292;-119.999992;-140;-74.919876;-176;1;84
1296;-119.999992;-140;-75.079887;-176;1;84
1300;-120.000008;-140.000015;-75.239883;-176;1;84
1304;-119.999992;-140;-75.399879;-176;1;84
1308;-120;-140;-75.559891;-176;1;84
1312;-120;-140.000015;-75.719887;-176;1;84
1316;-120;-140;-75.879883;-176;1;84
1320;-120;-140;-76.039886;-176;1;84
1324;-120;-140;-76.19989;-176;1;84
1328;-119.999992;-140;-76.359886;-176;1;84
1332;-119.999992;-140;-76.51989;-176;1;84
1336;-120.000008;-140;-76.679886;-176;1;84
1340;-119.999992;-139.999985;-76.839882;-176;1;84
1344;-119.999992;-140;-76.999878;-176;1;84
1348;-119.999992;-140;-77.159889;-176;1;84
1352;-120.000008;-140;-77.319893;-176;1;84
1356;-119.999992;-140;-77.479881;-176;1;84
1360;-120;-140;-77.639893;-176;1;84
1364;-119.999992;-140;-77.799889;-176;1;84
1368;-120;-139.999985;-77.959877;-176;1;84
1372;-120;-140;-78.119888;-176;1;84
1376;-120;-140;-78.279892;-176;1;84
1380;-119.999992;-139.999985;-78.43988;-176;1;84
1384;-120.000008;-140;-78.599884;-176;1;84
1388;-120;-140;-78.759888;-176;1;84
1392;-120;-140;-78.919891;-176;1;84
1396;-119.999992;-140;-79.079887;-176;1;84
1400;-120.000008;-140;-79.239891;-176;1;84
1404;-120;-140;-79.399887;-176;1;84
1408;-120;-140;-79.559883;-176;1;84
1412;-119.999992;-140;-79.719887;-176;1;84
1416;-120.000008;-140;-79.87989;-176;1;84
1420;-120;-140;-80.039886;-176;1;84
1424;-120;-140;-80.19989;-176;1;84
1428;-120;-140;-80.359886;-176;1;84
1432;-120;-140;-80.51989;-176;1;84
1436;-120.000008;-140;-80.679886;-176;1;84
1440;-120;-140;-80.83989;-176;1;84
1444;-120.000008;-140.000015;-80.999886;-176;1;84
1448;-119.999992;-140;-81.159889;-176;1;84
1452;-120.000008;-140;-81.319885;-176;1;84
1456;-120.000008;-140.000015;-81.479881;-176;1;84
1460;-120;-140;-81.639885;-176;1;84
1464;-119.999992;-140;-81.799889;-176;1;84
1468;-120.000008;-140;-81.959885;-176;1;84
1472;-120.000008;-140.000015;-82.119881;-176;1;84
1476;-120;-140;-82.279884;-176;1;84
1480;-120;-140;-82.439888;-176;1;84
1484;-120.000008;-140.000015;-82.599884;-176;1;84
1488;-120;-140;-82.759888;-176;1;84
1492;-120.000008;-140;-82.919891;-176;1;84
1496;-120;-140;-83.07988;-176;1;84
1500;-120.000008;-140;-83.239883;-176;1;84
1504;-120;-140;-83.399887;-176;1;84
1508;-120.000008;-140;-83.559883;-176;1;84
1512;-119.999992;-139.999985;-83.719887;-176;1;84
1516;-120.000008;-140;-83.87989;-176;1;84
1520;-120.000008;-140;-84.039879;-176;1;84
1524;-119.999992;-139.999985;-84.199883;-176;1;84
1528;-119.999992;-140;-84.359886;-176;1;84
1532;-120;-140;-84.519882;-176;1;84
1536;-119.999992;-140;-84.679886;-176;1;84
1540;-119.999992;-139.999985;-84.839882;-176;1;84
1544;-120.000008;-140.000015;-84.999878;-176;1;84
1548;-119.999992;-140;-85.159882;-176;1;84
1552;-120;-140;-85.319885;-176;1;84
1556;-120.000008;-140.000015;-85.479889;-176;1;84
1560;-119.999992;-140;-85.639885;-176;1;84
1564;-119.999992;-140;-85.799881;-176;1;84
1568;-120.000008;-140;-85.959885;-176;1;84
1572;-120.000008;-140.000015;-86.119881;-176;1;84
1576;-119.999992;-140;-86.279884;-176;1;84
1580;-119.999992;-140;-86.439896;-176;1;84
1584;-120.000008;-140.000015;-86.599884;-176;1;84
1588;-119.999992;-140;-86.75988;-176;1;84
1592;-120;-140;-86.919891;-176;1;84
1596;-120;-140;-87.07988;-176;1;84
1600;-120;-140;-87.239883;-176;1;84
1604;-120;-140;-87.399895;-176;1;84
1608;-120.000008;-140;-87.559883;-176;1;84
1612;-119.999992;-139.999985;-87.719879;-176;1;84
1616;-120.000008;-140;-87.87989;-176;1;84
1620;-120;-140;-88.039886;-176;1;84
1624;-119.999992;-139.999985;-88.199883;-176;1;84
1628;-119.999992;-140;-88.359894;-176;1;84
1632;-120.000008;-140;-88.51989;-176;1;84
1636;-119.999992;-140;-88.679878;-176;1;84
1640;-120;-140;-88.83989;-176;1;84
1644;-119.999992;-140;-88.999893;-176;1;84
1648;-120;-140;-89.159882;-176;1;84
1652;-120;-140;-89.319885;-176;1;84
1656;-120;-140;-89.479889;-176;1;84
1660;-120;-140;-89.639885;-176;1;84
1664;-119.999992;-140;-89.799881;-176;1;84
1668;-120.000008;-140;-89.959892;-176;1;84
1672;-120;-140;-90.119888;-176;1;84
1676;-119.999992;-140;-90.279877;-176;1;84
1680;-119.999992;-140;-90.439888;-176;1;84
1684;-120.000008;-140;-90.599884;-176;1;84
1688;-119.999992;-140;-90.75988;-176;1;84
1692;-120.000008;-140;-90.919899;-176;1;84
1696;-119.999992;-140;-91.079887;-176;1;84
1700;-120;-140;-91.239876;-176;1;84
1704;-120.000008;-140.000015;-91.399895;-176;1;84
1708;-120;-140;-91.559891;-176;1;84
1712;-119.999992;-139.999985;-91.719879;-176;1;84
1716;-120.000008;-140.000015;-91.879898;-176;1;84
1720;-120;-140;-92.039886;-176;1;84
1724;-119.999992;-139.999985;-92.199875;-176;1;84
1728;-120;-140;-92.359894;-176;1;84
1732;-120.000008;-140;-92.51989;-176;1;84
1736;-119.999992;-140;-92.679878;-176;1;84
1740;-120.000008;-140;-92.839897;-176;1;84
1744;-119.999992;-140;-92.999886;-176;1;84
1748;-120;-140;-93.159882;-176;1;84
1752;-120.000008;-140;-93.319885;-176;1;84
1756;-120;-140;-93.479889;-176;1;84
1760;-119.999992;-140;-93.639885;-176;1;84
1764;-120;-140;-93.799889;-176;1;84
1768;-120.000008;-140;-93.959885;-176;1;84
1772;-119.999992;-139.999985;-94.119881;-176;1;84
1776;-120.000008;-140;-94.279884;-176;1;84
1780;-119.999992;-140;-94.439888;-176;1;84
1784;-120;-139.999985;-94.599884;-176;1;84
1788;-120.000008;-140.000015;-94.75988;-176;1;84
1792;-120;-140;-94.919884;-176;1;84
1796;-119.999992;-140;-95.079887;-176;1;84
1800;-120.000008;-140;-95.239883;-176;1;84
1804;-120;-140;-95.399887;-176;1;84
1808;-119.999992;-140;-95.559891;-176;1;84
1812;-119.999992;-140;-95.719879;-176;1;84
1816;-120.000008;-140;-95.879883;-176;1;84
1820;-119.999992;-140;-96.039886;-176;1;84
1824;-120;-140;-96.199883;-176;1;84
1828;-119.999992;-140;-96.359894;-176;1;84
1832;-120;-140;-96.51989;-176;1;84
1836;-120;-140;-96.679871;-176;1;84
1840;-120;-140;-96.83989;-176;1;84
1844;-119.999992;-139.999985;-96.999886;-176;1;84
1848;-120.000008;-140;-97.159874;-176;1;84
1852;-120;-140;-97.319893;-176;1;84
1856;-119.999992;-139.999985;-97.479881;-176;1;84
1860;-120;-140;-97.639877;-176;1;84
1864;-120.000008;-140;-97.799889;-176;1;84
1868;-120;-139.999985;-97.959885;-176;1;84
1872;-120;-140;-98.119881;-176;1;84
1876;-120;-140;-98.279892;-176;1;84
1880;-120;-140;-98.439888;-176;1;84
1884;-120.000008;-140;-98.599876;-176;1;84
1888;-120;-140;-98.759888;-176;1;84
1892;-120.000008;-140.000015;-98.919884;-176;1;84
1896;-119.999992;-140;-99.07988;-176;1;84
1900;-120.000008;-140;-99.239883;-176;1;84
1904;-120.000008;-140.000015;-99.399879;-176;1;84
1908;-120;-140;-99.559891;-176;1;84
1912;-119.999992;-140;-99.719887;-176;1;84
1916;-120.000008;-140.000015;-99.879883;-176;1;84
1920;-120;-140;-100.039894;-176;1;84
1924;-120;-140;-100.199883;-176;1;84
1928;-120;-140;-100.359879;-176;1;84
1932;-120.000008;-140;-100.51989;-176;1;84
1936;-120;-140;-100.679886;-176;1;84
1940;-120.000008;-140;-100.839882;-176;1;84
1944;-119.999992;-140;-100.999893;-176;1;84
1948;-120.000008;-140;-101.159889;-176;1;84
1952;-120.000008;-140;-101.319878;-176;1;84
1956;-120;-140;-101.479889;-176;1;84
1960;-119.999992;-140;-101.639885;-176;1;84
1964;-120;-140.000015;-101.799881;-176;1;84
1968;-120;-140;-101.959885;-176;1;84
1972;-119.999992;-139.999985;-102.119881;-176;1;84
1976;-120;-140.000015;-102.279892;-176;1;84
1980;-119.999992;-140;-102.439888;-176;1;84
1984;-120;-139.999985;-102.599884;-176;1;84
1988;-120.000008;-140.000015;-102.759895;-176;1;84
1992;-120;-140;-102.919884;-176;1;84
1996;-119.999992;-139.999985;-103.07988;-176;1;84
2000;-120.000008;-140;-103.239891;-176;1;84
2004;-120;-140;-103.399887;-176;1;84
2008;-119.999992;-139.999985;-103.559891;-176;1;84
2012;-120;-140;-103.719894;-176;1;84
2016;-120.000008;-140;-103.879883;-176;1;84
2020;-119.999992;-140;-104.039879;-176;1;84
2024;-120.000008;-140;-104.19989;-176;1;84
2028;-120;-140;-104.359879;-176;1;84
2032;-119.999992;-140;-104.519882;-176;1;84
2036;-120.000008;-140.000015;-104.679901;-176;1;84
2040;-120;-140;-104.839882;-176;1;84
2044;-119.999992;-139.999985;-104.999878;-176;1;84
2048;-120.000008;-140.000015;-105.159882;-176;1;84
2052;-120;-140;-105.319885;-176;1;84
2056;-119.999992;-139.999985;-105.479889;-176;1;84
2060;-120.000008;-140.000015;-105.639885;-176;1;84
2064;-120;-140;-105.799889;-176;1;84
2068;-119.999992;-139.999985;-105.959885;-176;1;84
2072;-120.000008;-140;-106.119888;-176;1;84
2076;-120;-140;-106.279884;-176;1;84
2080;-119.999992;-140;-106.439888;-176;1;84
2084;-120;-140;-106.599876;-176;1;84
2088;-120;-140;-106.75988;-176;1;84
2092;-120;-140;-106.919884;-176;1;84
2096;-120.000008;-140;-107.079887;-176;1;84
2100;-120;-140;-107.239891;-176;1;84
2104;-119.999992;-140;-107.399879;-176;1;84
2108;-120;-140;-107.559883;-176;1;84
2112;-120;-140;-107.719887;-176;1;84
2116;-119.999992;-139.999985;-107.879883;-176;1;84
2120;-120;-140;-108.039894;-176;1;84
2124;-120;-140;-108.19989;-176;1;84
2128;-120.000008;-140.000015;-108.359886;-176;1;84
2132;-120;-140;-108.519875;-176;1;84
2136;-120;-140;-108.679893;-176;1;84
2140;-120.000008;-140.000015;-108.839882;-176;1;84
2144;-120;-140;-108.999878;-176;1;84
2148;-120;-140;-109.159889;-176;1;84
2152;-120.000008;-140;-109.319885;-176;1;84
2156;-120;-140;-109.479881;-176;1;84
2160;-120;-140;-109.639893;-176;1;84
2164;-120.000008;-140;-109.799889;-176;1;84
2168;-120;-140;-109.959877;-176;1;84
2172;-120;-140;-110.119888;-176;1;84
2176;-120.000008;-140;-110.279877;-176;1;84
2180;-120;-140;-110.439873;-176;1;84
2184;-120;-140;-110.599892;-176;1;84
2188;-119.999992;-139.999985;-110.75988;-176;1;84
2192;-120;-140;-110.919876;-176;1;84
2196;-120;-140;-111.07988;-176;1;84
2200;-119.999992;-140;-111.239876;-176;1;84
2204;-120;-140;-111.399887;-176;1;84
2208;-120;-140;-111.559891;-176;1;84
2212;-119.999992;-140;-111.719887;-176;1;84
2216;-120;-140;-111.879883;-176;1;84
2220;-120;-140;-112.039886;-176;1;84
2224;-119.999992;-140;-112.199875;-176;1;84
2228;-120.000008;-140;-112.359886;-176;1;84
2232;-119.999992;-140;-112.519882;-176;1;84
2236;-119.999992;-139.999985;-112.679878;-176;1;84
2240;-120;-140;-112.839882;-176;1;84
2244;-120.000008;-140;-112.999886;-176;1;84
2248;-119.999992;-139.999985;-113.159882;-176;1;84
2252;-120;-140;-113.319878;-176;1;84
2256;-120.000008;-140.000015;-113.479889;-176;1;84
2260;-120;-139.999985;-113.639877;-176;1;84
2264;-119.999992;-140;-113.799889;-176;1;84
2268;-120.000008;-140.000015;-113.959892;-176;1;84
2272;-119.999992;-140;-114.119873;-176;1;84
2276;-120.000008;-140;-114.279892;-176;1;84
2280;-120;-140;-114.439888;-176;1;84
2284;-119.999992;-140;-114.599884;-176;1;84
2288;-120;-140;-114.75988;-176;1;84
2292;-120.000008;-140;-114.919884;-176;1;84
2296;-119.999992;-139.999985;-115.079887;-176;1;84
2300;-120;-140;-115.239891;-176;1;84
2304;-120.000008;-140;-115.399895;-176;1;84
2308;-120;-139.999985;-115.559883;-176;1;84
2312;-120.000008;-140;-115.719887;-176;1;84
2316;-120;-140.000015;-115.879883;-176;1;84
2320;-119.999992;-139.999985;-116.039886;-176;1;84
2324;-120;-140;-116.199898;-176;1;84
2328;-120.000008;-140.000015;-116.359886;-176;1;84
2332;-119.999992;-139.999985;-116.519882;-176;1;84
2336;-120;-140;-116.679886;-176;1;84
2340;-120.000008;-140.000015;-116.83989;-176;1;84
2344;-120;-140;-116.999878;-176;1;84
2348;-119.999992;-140;-117.159889;-176;1;84
2352;-120.000008;-140;-117.319893;-176;1;84
2356;-119.999992;-140;-117.479881;-176;1;84
2360;-120.000008;-140;-117.639893;-176;1;84
2364;-120;-140;-117.799896;-176;1;84
2368;-119.999992;-139.999985;-117.959885;-176;1;84
2372;-120;-140;-118.119888;-176;1;84
2376;-120.000008;-140.000015;-118.279892;-176;1;84
2380;-119.999992;-140;-118.439873;-176;1;84
2384;-120;-140;-118.599884;-176;1;84
2388;-120.000008;-140.000015;-118.759895;-176;1;84
2392;-120;-139.999985;-118.919884;-176;1;84
2396;-119.999992;-140;-119.079887;-176;1;84
2400;-120.000008;-140;-119.239883;-176;1;84
2404;-119.999992;-139.999985;-119.399879;-176;1;84
2408;-120;-140;-119.559883;-176;1;84
2412;-120;-140;-119.719894;-176;1;84
2416;-119.999992;-140;-119.87989;-176;1;84
2420;-120;-140;-120.039879;-176;1;84
2424;-120.000008;-140;-120.19989;-176;1;84
2428;-120.000008;-140;-120.359886;-176;1;84
2432;-119.999992;-140;-120.51989;-176;1;84
2436;-120.000008;-140;-120.679886;-176;1;84
2440;-120;-140;-120.839882;-176;1;84
2444;-120.000008;-140;-120.999886;-176;1;84
2448;-120;-140;-121.159889;-176;1;84
2452;-120;-140;-121.319885;-176;1;84
2456;-120;-140;-121.479889;-176;1;84
2460;-120.000008;-140.000015;-121.639893;-176;1;84
2464;-119.999992;-140;-121.799881;-176;1;84
2468;-120;-140;-121.959885;-176;1;84
2472;-120.000008;-140.000015;-122.119896;-176;1;84
2476;-120.000008;-140;-122.279877;-176;1;84
2480;-119.999992;-140;-122.439888;-176;1;84
2484;-120.000008;-140;-122.599892;-176;1;84
2488;-120;-140;-122.75988;-176;1;84
2492;-120.000008;-140;-122.919876;-176;1;84
2496;-119.999992;-140;-123.079872;-176;1;84
2500;-120;-140;-123.239876;-176;1;84
2504;-120;-140;-123.399895;-176;1;84
2508;-120;-140;-123.559883;-176;1;84
2512;-119.999992;-140;-123.719887;-176;1;84
2516;-120;-140;-123.87989;-176;1;84
2520;-119.999992;-139.999985;-124.039871;-176;1;84
2524;-120.000008;-140;-124.19989;-176;1;84
2528;-120.000008;-140;-124.359886;-176;1;84
2532;-119.999992;-139.999985;-124.519875;-176;1;84
2536;-120;-140;-124.679886;-176;1;84
2540;-120;-140;-124.83989;-176;1;84
2544;-120;-140;-124.99987;-176;1;84
2548;-119.999992;-140;-125.159889;-176;1;84
2552;-120;-140;-125.319885;-176;1;84
2556;-119.999992;-140;-125.479874;-176;1;84
2560;-120.000008;-140;-125.639885;-176;1;84
2564;-120;-140;-125.799896;-176;1;84
2568;-119.999992;-140;-125.959869;-176;1;84
2572;-120;-140;-126.119881;-176;1;84
2576;-120.000008;-140.000015;-126.279892;-176;1;84
2580;-119.999992;-140;-126.439873;-176;1;84
2584;-120;-140;-126.599892;-176;1;84
2588;-120.000008;-140.000015;-126.759888;-176;1;84
2592;-120;-139.999985;-126.919884;-176;1;84
2596;-119.999992;-140;-127.079887;-176;1;84
2600;-120.000008;-140;-127.239883;-176;1;84
2604;-119.999992;-140;-127.399895;-176;1;84
2608;-120.000008;-140;-127.559883;-176;1;84
2612;-120;-140;-127.719879;-176;1;84
2616;-119.999992;-140;-127.87989;-176;1;84
2620;-120;-140;-128.039886;-176;1;84
2624;-120.000008;-140;-128.19989;-176;1;84
2628;-120;-140;-128.359879;-176;1;84
2632;-119.999992;-140;-128.519897;-176;1;84
2636;-120.000008;-140;-128.679886;-176;1;84
2640;-119.999992;-140;-128.839874;-176;1;84
2644;-120.000008;-140;-128.999893;-176;1;84
2648;-120;-140;-129.159882;-176;1;84
2652;-119.999992;-139.999985;-129.319885;-176;1;84
2656;-120;-140;-129.479889;-176;1;84
2660;-120.000008;-140.000015;-129.639893;-176;1;84
2664;-119.999992;-139.999985;-129.799881;-176;1;84
2668;-120;-140;-129.959885;-176;1;84
2672;-120.000008;-140;-130.119904;-176;1;84
2676;-120;-140;-130.279877;-176;1;84
2680;-119.999992;-140;-130.43988;-176;1;84
2684;-120.000008;-140;-130.599884;-176;1;84
2688;-119.999992;-140;-130.759872;-176;1;84
2692;-120.000008;-140;-130.919876;-176;1;84
2696;-120;-140;-131.079895;-176;1;84
2700;-119.999992;-140;-131.239883;-176;1;84
2704;-120;-140;-131.399887;-176;1;84
2708;-120.000008;-140;-131.559891;-176;1;84
2712;-119.999992;-140;-131.719894;-176;1;84
2716;-120;-140;-131.879883;-176;1;84
2720;-120.000008;-140.000015;-132.039902;-176;1;84
2724;-120.000008;-140;-132.19989;-176;1;84
2728;-119.999992;-140;-132.359879;-176;1;84
2732;-120.000008;-140.000015;-132.519882;-176;1;84
2736;-120;-140;-132.679886;-176;1;84
2740;-120.000008;-140;-132.83989;-176;1;84
2744;-120;-140;-132.999893;-176;1;84
2748;-119.999992;-140;-133.159882;-176;1;84
2752;-120;-140;-133.319901;-176;1;84
2756;-120.000008;-140;-133.479889;-176;1;84
2760;-120.000008;-140;-133.639893;-176;1;84
2764;-119.999992;-140;-133.799896;-176;1;84
2768;-120.000008;-140;-133.9599;-176;1;84
2772;-120;-140;-134.119873;-176;1;84
2776;-120.000008;-140;-134.279892;-176;1;84
2780;-120;-140;-134.43988;-176;1;84
2784;-120;-140;-134.599884;-176;1;84
2788;-120;-140;-134.759888;-176;1;84
2792;-120;-139.999985;-134.919876;-176;1;84
2796;-119.999992;-140;-135.07988;-176;1;84
2800;-120;-140;-135.239883;-176;1;84
2804;-119.999992;-140;-135.399872;-176;1;84
2808;-120.000008;-140;-135.559891;-176;1;84
2812;-119.999992;-140;-135.719894;-176;1;84
2816;-119.999992;-140;-135.879868;-176;1;84
2820;-120;-140;-136.039886;-176;1;84
2824;-120.000008;-140;-136.199875;-176;1;84
2828;-119.999992;-140;-136.359863;-176;1;84
2832;-120;-140;-136.519882;-176;1;84
2836;-120;-140;-136.679886;-176;1;84
2840;-120;-140;-136.839874;-176;1;84
2844;-119.999992;-140;-136.999893;-176;1;84
2848;-120;-140;-137.159882;-176;1;84
2852;-119.999992;-139.999985;-137.319885;-176;1;84
2856;-120;-140;-137.479889;-176;1;84
2860;-120.000008;-140;-137.639877;-176;1;84
2864;-119.999992;-139.999985;-137.799881;-176;1;84
2868;-120;-140;-137.959885;-176;1;84
2872;-120.000008;-140;-138.119873;-176;1;84
2876;-120;-140;-138.279877;-176;1;84
2880;-119.999992;-140;-138.43988;-176;1;84
2884;-120.000008;-140;-138.599884;-176;1;84
2888;-119.999992;-140;-138.759888;-176;1;84
2892;-120.000008;-140;-138.919891;-176;1;84
2896;-120;-140;-139.07988;-176;1;84
2900;-119.999992;-140;-139.239899;-176;1;84
2904;-120;-140;-139.399887;-176;1;84
2908;-120.000008;-140;-139.559875;-176;1;84
2912;-119.999992;-140;-139.719879;-176;1;84
2916;-120;-140;-139.879883;-176;1;84
2920;-120.000008;-140.000015;-140.039871;-176;1;84
2924;-120;-139.999985;-140.19989;-176;1;84
2928;-119.999992;-140;-140.359879;-176;1;84
2932;-120.000008;-140.000015;-140.519882;-176;1;84
2936;-119.999992;-139.999985;-140.679886;-176;1;84
2940;-120.000008;-140;-140.83989;-176;1;84
2944;-120;-140;-140.999878;-176;1;84
2948;-119.999992;-140;-141.159897;-176;1;84
2952;-120;-140;-141.31987;-176;1;84
2956;-120.000008;-140;-141.479874;-176;1;84
2960;-120;-140;-141.639877;-176;1;84
2964;-119.999992;-140;-141.799881;-176;1;84
2968;-120.000008;-140;-141.959885;-176;1;84
2972;-119.999992;-140;-142.119888;-176;1;84
2976;-120.000008;-140;-142.279877;-176;1;84
2980;-120;-140;-142.439896;-176;1;84
2984;-119.999992;-140;-142.599884;-176;1;84
2988;-120;-140;-142.759888;-176;1;84
2992;-120.000008;-140.000015;-142.919891;-176;1;84
2996;-119.999992;-139.999985;-143.07988;-176;1;84
3000;-120;-140;-143.239868;-176;1;84
3004;-120.000008;-140;-143.399887;-176;1;84
3008;-120;-139.999985;-143.559875;-176;1;84
3012;-119.999992;-140;-143.719879;-176;1;84
3016;-120.000008;-140;-143.879883;-176;1;84
3020;-120;-140;-144.039886;-176;1;84
3024;-120.000008;-140;-144.199875;-176;1;84
3028;-120;-140;-144.359909;-176;1;84
3032;-120;-140;-144.519882;-176;1;84
3036;-120;-140;-144.679901;-176;1;84
3040;-120.000008;-140;-144.83989;-176;1;84
3044;-119.999992;-140;-144.999878;-176;1;84
3048;-120;-140;-145.159882;-176;1;84
3052;-120.000008;-140;-145.319901;-176;1;84
3056;-120.000008;-140;-145.479874;-176;1;84
3060;-119.999992;-140;-145.639893;-176;1;84
3064;-120.000008;-140.000015;-145.799896;-176;1;84
3068;-120;-140;-145.959885;-176;1;84
3072;-120.000008;-140;-146.119888;-176;1;84
3076;-120.000008;-140.000015;-146.279907;-176;1;84
3080;-119.999992;-140;-146.43988;-176;1;84
3084;-120;-140;-146.599884;-176;1;84
3088;-120.000008;-140;-146.759888;-176;1;84
3092;-120.000008;-140;-146.919876;-176;1;84
3096;-119.999992;-140;-147.07988;-176;1;84
3100;-119.999992;-140;-147.239883;-176;1;84
3104;-120;-140;-147.399872;-176;1;84
3108;-120.000008;-140;-147.559875;-176;1;84
3112;-119.999992;-140;-147.719879;-176;1;84
3116;-120;-140;-147.879883;-176;1;84
3120;-120;-140;-148.039886;-176;1;84
3124;-120;-139.999985;-148.19989;-176;1;84
3128;-119.999992;-140;-148.359894;-176;1;84
3132;-120;-140;-148.519867;-176;1;84
3136;-119.999992;-139.999985;-148.679871;-176;1;84
3140;-120.000008;-140;-148.839874;-176;1;84
3144;-119.999992;-140;-148.999878;-176;1;84
3148;-119.999992;-140;-149.159882;-176;1;84
3152;-120;-140;-149.319885;-176;1;84
3156;-120.000008;-140;-149.479874;-176;1;84
3160;-120;-140;-149.639877;-176;1;84
3164;-120;-140;-149.799881;-176;1;84
3168;-120;-140;-149.959885;-176;1;84
3172;-119.999992;-140;-150.119888;-176;1;84
3176;-120.000008;-140;-150.279877;-176;1;84
3180;-120;-140;-150.43988;-176;1;84
3184;-119.999992;-140;-150.599869;-176;1;84
3188;-120;-140;-150.759872;-176;1;84
3192;-120.000008;-140.000015;-150.919891;-176;1;84
3196;-119.999992;-139.999985;-151.07988;-176;1;84
3200;-120;-140;-151.239883;-176;1;84
3204;-120.000008;-140;-151.399887;-176;1;84
3208;-120;-140;-151.559891;-176;1;84
3212;-119.999992;-140;-151.719879;-176;1;84
3216;-120.000008;-140;-151.879898;-176;1;84
3220;-119.999992;-140;-152.039871;-176;1;84
3224;-120.000008;-140;-152.199875;-176;1;84
3228;-120;-140;-152.359879;-176;1;84
3232;-119.999992;-140;-152.519882;-176;1;84
3236;-120;-140;-152.679871;-176;1;84
3240;-120.000008;-140;-152.83989;-176;1;84
3244;-119.999992;-140;-152.999878;-176;1;84
3248;-120;-140;-153.159882;-176;1;84
3252;-120.000008;-140;-153.319885;-176;1;84
3256;-120;-140;-153.479889;-176;1;84
3260;-119.999992;-140;-153.639877;-176;1;84
3264;-120.000008;-140.000015;-153.799911;-176;1;84
3268;-119.999992;-139.999985;-153.959869;-176;1;84
3272;-120;-140;-154.119873;-176;1;84
3276;-120;-140;-154.279892;-176;1;84
3280;-119.999992;-139.999985;-154.43988;-176;1;84
3284;-120;-140;-154.599869;-176;1;84
3288;-120.000008;-140;-154.759903;-176;1;84
3292;-120;-140;-154.919876;-176;1;84
3296;-120;-140;-155.07988;-176;1;84
3300;-120.000008;-140;-155.239899;-176;1;84
3304;-120;-140;-155.399887;-176;1;84
3308;-120.000008;-140;-155.559875;-176;1;84
3312;-120;-140;-155.719894;-176;1;84
3316;-119.999992;-140;-155.879868;-176;1;84
3320;-120;-140;-156.039871;-176;1;84
3324;-120.000008;-140.000015;-156.19989;-176;1;84
3328;-119.999992;-140;-156.359879;-176;1;84
3332;-120;-140;-156.519882;-176;1;84
3336;-120.000008;-140.000015;-156.679901;-176;1;84
3340;-120;-140;-156.839874;-176;1;84
3344;-120;-140;-156.999908;-176;1;84
3348;-120;-140;-157.159897;-176;1;84
3352;-120;-140;-157.319885;-176;1;84
3356;-120.000008;-140;-157.479889;-176;1;84
3360;-120;-140;-157.639893;-176;1;84
3364;-119.999992;-140;-157.799866;-176;1;84
3368;-120;-140;-157.9599;-176;1;84
3372;-120.000008;-140;-158.119888;-176;1;84
3376;-119.999992;-140;-158.279877;-176;1;84
3380;-120;-140;-158.439896;-176;1;84
3384;-120.000008;-140;-158.599899;-176;1;84
3388;-120;-140;-158.759872;-176;1;84
3392;-120;-140;-158.919907;-176;1;84
3396;-120;-140.000015;-159.079895;-176;1;84
3400;-120;-140;-159.239883;-176;1;84
3404;-120.000008;-140;-159.399887;-176;1;84
3408;-120;-140;-159.559875;-176;1;84
3412;-119.999992;-140;-159.719864;-176;1;84
3416;-120;-140;-159.879883;-176;1;84
3420;-120;-140;-160.039871;-176;1;84
3424;-120.000008;-140;-160.199875;-176;1;84
3428;-120;-140;-160.359894;-176;1;84
3432;-119.999992;-140;-160.519882;-176;1;84
3436;-120;-140;-160.679886;-176;1;84
3440;-120.000008;-140;-160.83989;-176;1;84
3444;-119.999992;-140;-160.999878;-176;1;84
3448;-120;-140;-161.159866;-176;1;84
3452;-120;-140;-161.319885;-176;1;84
3456;-120;-140;-161.479874;-176;1;84
3460;-119.999992;-140;-161.639877;-176;1;84
3464;-120;-140;-161.799881;-176;1;84
3468;-119.999992;-139.999985;-161.959869;-176;1;84
3472;-120;-140;-162.119873;-176;1;84
3476;-120;-140;-162.279892;-176;1;84
3480;-119.999992;-140;-162.43988;-176;1;84
3484;-120;-140;-162.599884;-176;1;84
3488;-120.000008;-140;-162.759888;-176;1;84
3492;-119.999992;-140;-162.919876;-176;1;84
3496;-120;-140;-163.07988;-176;1;84
3500;-120;-140;-163.239883;-176;1;84
3504;-120;-140;-163.399872;-176;1;84
3508;-120.000008;-140;-163.559891;-176;1;84
3512;-120;-140;-163.719879;-176;1;84
3516;-120;-140;-163.879883;-176;1;84
3520;-120;-140;-164.039886;-176;1;84
3524;-120.000008;-140;-164.19989;-176;1;84
3528;-119.999992;-140;-164.359879;-176;1;84
3532;-120;-140;-164.519897;-176;1;84
3536;-120.000008;-140;-164.679886;-176;1;84
3540;-120;-140;-164.839874;-176;1;84
3544;-120;-140;-164.999878;-176;1;84
3548;-120;-140;-165.159882;-176;1;84
3552;-120;-140;-165.31987;-176;1;84
3556;-120;-140;-165.479889;-176;1;84
3560;-120;-140;-165.639877;-176;1;84
3564;-119.999992;-140;-165.799881;-176;1;84
3568;-120;-140;-165.959885;-176;1;84
3572;-120.000008;-140;-166.119904;-176;1;84
3576;-119.999992;-140;-166.279877;-176;1;84
3580;-120;-140;-166.439896;-176;1;84
3584;-120.000008;-140;-166.599884;-176;1;84
3588;-120;-140;-166.759872;-176;1;84
3592;-119.999992;-140;-166.919876;-176;1;84
3596;-120;-140.000015;-167.079895;-176;1;84
3600;-120;-140;-167.239868;-176;1;84
3604;-120;-140;-167.399887;-176;1;84
3608;-120;-140;-167.559891;-176;1;84
3612;-119.999992;-140;-167.719879;-176;1;84
3616;-120;-140;-167.879883;-176;1;84
3620;-120.000008;-140;-168.039902;-176;1;84
3624;-120;-140;-168.199875;-176;1;84
3628;-120;-140;-168.359879;-176;1;84
3632;-120.000008;-140;-168.519882;-176;1;84
3636;-120;-140;-168.679871;-176;1;84
3640;-120.000008;-140;-168.839874;-176;1;84
3644;-120;-140;-168.999878;-176;1;84
3648;-120;-140;-169.159882;-176;1;84
3652;-120.000008;-140;-169.319901;-176;1;84
3656;-120.000008;-140;-169.479889;-176;1;84
3660;-119.999992;-140;-169.639893;-176;1;84
3664;-120;-140;-169.799881;-176;1;84
3668;-120;-140;-169.959885;-176;1;84
3672;-120.000008;-140;-170.119888;-176;1;84
3676;-120;-140;-170.279892;-176;1;84
3680;-120;-140;-170.43988;-176;1;84
3684;-120;-140;-170.599884;-176;1;84
3688;-120;-140;-170.759872;-176;1;84
3692;-119.999992;-140;-170.919891;-176;1;84
3696;-120;-140;-171.079895;-176;1;84
3700;-120;-140;-171.239883;-176;1;84
3704;-120.000008;-140;-171.399887;-176;1;84
3708;-120;-140;-171.559891;-176;1;84
3712;-120;-140;-171.719879;-176;1;84
3716;-120;-140;-171.879883;-176;1;84
3720;-120;-140;-172.039886;-176;1;84
3724;-120;-140;-172.199875;-176;1;84
3728;-119.999992;-140;-172.359863;-176;1;84
3732;-120;-140;-172.519882;-176;1;84
3736;-120;-140;-172.679871;-176;1;84
3740;-120;-140;-172.839874;-176;1;84
3744;-120;-140;-172.999893;-176;1;84
3748;-120;-140;-173.159882;-176;1;84
3752;-120;-140;-173.31987;-176;1;84
3756;-120;-140;-173.479889;-176;1;84
3760;-120;-140;-173.639908;-176;1;84
3764;-120;-140;-173.799866;-176;1;84
3768;-120;-140;-173.959885;-176;1;84
3772;-120.000008;-140;-174.119873;-176;1;84
3776;-119.999992;-140;-174.279861;-176;1;84
3780;-119.999992;-140;-174.43988;-176;1;84
3784;-120.000008;-140.000015;-174.599899;-176;1;84
3788;-120;-140;-174.759872;-176;1;84
3792;-119.999992;-140;-174.919891;-176;1;84
3796;-120;-140;-175.07988;-176;1;84
3800;-119.999992;-140;-175.239883;-176;1;84
3804;-120;-140;-175.399887;-176;1;84
3808;-120;-140;-175.559891;-176;1;84
3812;-119.999992;-140;-175.719879;-176;1;84
3816;-120;-140;-175.879883;-176;1;84
3820;-120.000008;-140;-176.039871;-176;1;84
3824;-120;-140;-176.199875;-176;1;84
3828;-119.999992;-140;-176.359879;-176;1;84
3832;-120.000008;-140;-176.519897;-176;1;84
3836;-120;-140;-176.679886;-176;1;84
3840;-120.000008;-140;-176.83989;-176;1;84
3844;-120;-140;-176.999878;-176;1;84
3848;-119.999992;-140;-177.159882;-176;1;84
3852;-120.000008;-140;-177.319885;-176;1;84
3856;-120.000008;-140.000015;-177.479889;-176;1;84
3860;-119.999992;-140;-177.639877;-176;1;84
3864;-120;-140;-177.799881;-176;1;84
3868;-120.000008;-140;-177.959869;-176;1;84
3872;-120;-140;-178.119873;-176;1;84
3876;-120;-140;-178.279892;-176;1;84
3880;-120.000008;-140;-178.439896;-176;1;84
3884;-120;-140;-178.599884;-176;1;84
3888;-120;-140;-178.759888;-176;1;84
3892;-120;-140;-178.919876;-176;1;84
3896;-119.999992;-140;-179.07988;-176;1;84
3900;-120;-140;-179.239883;-176;1;84
3904;-120.000008;-140;-179.399887;-176;1;84
3908;-119.999992;-140;-179.559875;-176;1;84
3912;-120;-140;-179.719879;-176;1;84
3916;-120;-140;-179.879868;-176;1;84
3920;-120;-140;-180.039902;-176;1;84
3924;-120;-140;-180.19989;-176;1;84
3928;-120;-140.000015;-180.359894;-176;1;84
3932;-120;-140;-180.519882;-176;1;84
3936;-120;-140;-180.679886;-176;1;84
3940;-120.000008;-140;-180.839874;-176;1;84
3944;-120;-140;-180.999893;-176;1;84
3948;-120;-140;-181.159882;-176;1;84
3952;-120.000008;-140;-181.319885;-176;1;84
3956;-120;-140;-181.479874;-176;1;84
3960;-120;-140;-181.639877;-176;1;84
3964;-120;-140;-181.799881;-176;1;84
3968;-120;-140;-181.9599;-176;1;84
3972;-120.000008;-140;-182.119888;-176;1;84
3976;-120;-140;-182.279907;-176;1;84
3980;-120;-140;-182.43988;-176;1;84
3984;-120;-140;-182.599884;-176;1;84
3988;-120;-140;-182.759888;-176;1;84
3992;-120;-140;-182.919891;-176;1;84
3996;-120;-140;-183.07988;-176;1;84
4000;-120.000008;-140;-183.239883;-176;1;84
4004;-120;-140;-183.399857;-176;1;84
4008;-119.999992;-140;-183.559875;-176;1;84
4012;-119.999992;-139.999985;-183.719894;-176;1;84
4016;-120;-140;-183.879898;-176;1;84
4020;-120.000008;-140;-184.039886;-176;1;84
4024;-119.999992;-140;-184.19989;-176;1;84
4028;-119.999992;-140;-184.359879;-176;1;84
4032;-120;-140;-184.519882;-176;1;84
4036;-120;-139.999985;-184.679901;-176;1;84
4040;-119.999992;-140;-184.839874;-176;1;84
4044;-120;-140;-184.999878;-176;1;84
4048;-119.999992;-140;-185.159882;-176;1;84
4052;-120;-139.999985;-185.31987;-176;1;84
4056;-120.000008;-140;-185.479858;-176;1;84
4060;-119.999992;-140;-185.639893;-176;1;84
4064;-120;-140;-185.799881;-176;1;84
4068;-120.000008;-140;-185.959885;-176;1;84
4072;-120;-140;-186.119888;-176;1;84
4076;-119.999992;-140;-186.279861;-176;1;84
4080;-120;-140;-186.43988;-176;1;84
4084;-120;-140;-186.599884;-176;1;84
4088;-120;-140;-186.759872;-176;1;84
4092;-120;-140.000015;-186.919876;-176;1;84
4096;-119.999992;-139.999985;-187.079865;-176;1;84
4100;-120;-140;-187.239868;-176;1;84
4104;-120.000008;-140;-187.399887;-176;1;84
4108;-119.999992;-140;-187.559906;-176;1;84
4112;-120;-140;-187.719879;-176;1;84
4116;-120;-140;-187.879883;-176;1;84
4120;-120;-139.999985;-188.039886;-176;1;84
4124;-119.999992;-140;-188.199875;-176;1;84
4128;-120;-140;-188.359894;-176;1;84
4132;-120;-140;-188.519882;-176;1;84
4136;-120;-139.999985;-188.679871;-176;1;84
4140;-120;-140;-188.83989;-176;1;84
4144;-119.999992;-140;-188.999878;-176;1;84
4148;-120;-140;-189.159912;-176;1;84
4152;-120.000008;-140;-189.319901;-176;1;84
4156;-120;-140;-189.479889;-176;1;84
4160;-120;-140;-189.639877;-176;1;84
4164;-120;-140;-189.799896;-176;1;84
4168;-120;-140;-189.959854;-176;1;84
4172;-120.000008;-140;-190.119888;-176;1;84
4176;-120;-140.000015;-190.279892;-176;1;84
4180;-120;-139.999985;-190.43988;-176;1;84
4184;-120;-140;-190.599869;-176;1;84
4188;-120.000008;-140;-190.759872;-176;1;84
4192;-119.999992;-140;-190.919861;-176;1;84
4196;-120;-140;-191.079895;-176;1;84
4200;-120.000008;-140.000015;-191.239914;-176;1;84
4204;-120;-140;-191.399887;-176;1;84
4208;-120;-140;-191.559875;-176;1;84
4212;-120;-140;-191.719894;-176;1;84
4216;-120;-140;-191.879883;-176;1;84
4220;-120.000008;-140.000015;-192.039902;-176;1;84
4224;-120;-140;-192.19989;-176;1;84
4228;-120;-140;-192.359879;-176;1;84
4232;-120;-140;-192.519867;-176;1;84
4236;-120.000008;-140;-192.679886;-176;1;84
4240;-119.999992;-140;-192.839905;-176;1;84
4244;-120;-140;-192.999893;-176;1;84
4248;-120.000008;-140;-193.159897;-176;1;84
4252;-120;-140;-193.319885;-176;1;84
4256;-119.999992;-140;-193.479874;-176;1;84
4260;-120;-140.000015;-193.639877;-176;1;84
4264;-120;-140;-193.799881;-176;1;84
4268;-120;-140;-193.959885;-176;1;84
4272;-120;-140;-194.119888;-176;1;84
4276;-119.999992;-140;-194.279877;-176;1;84
4280;-120;-140;-194.439865;-176;1;84
4284;-120.000008;-140;-194.599884;-176;1;84
4288;-120;-140;-194.759888;-176;1;84
4292;-120;-140;-194.919907;-176;1;84
4296;-120;-140;-195.079895;-176;1;84
4300;-120.000008;-140;-195.239899;-176;1;84
4304;-120;-140;-195.400558;-176;1;84
4308;-120;-140.000015;-195.561951;-176;1;84
4312;-119.999992;-140;-195.724106;-176;1;84
4316;-120;-140;-195.886978;-176;1;84
4320;-120;-140;-196.050705;-176;1;84
4324;-120;-140;-196.215179;-176;1;84
4328;-119.999992;-140;-196.380478;-176;1;84
4332;-120;-140;-196.546585;-176;1;84
4336;-120;-140;-196.713486;-176;1;84
4340;-120;-140.000015;-196.88121;-176;1;84
4344;-120;-140;-197.049774;-176;1;84
4348;-120;-140;-197.219162;-176;1;84
4352;-120;-140;-197.389404;-176;1;84
4356;-120;-140;-197.560501;-176;1;84
4360;-119.999992;-139.999985;-197.732513;-176;1;84
4364;-120;-140;-197.90535;-176;1;84
4368;-120;-140;-198.079102;-176;1;84
4372;-120;-139.999985;-198.253723;-176;1;84
4376;-120;-140;-198.429276;-176;1;84
4380;-120;-140;-198.605743;-176;1;84
4384;-120;-140;-198.783142;-176;1;84
4388;-120;-140;-198.961456;-176;1;84
4392;-119.999992;-140;-199.140717;-176;1;84
4396;-120;-140.000015;-199.320984;-176;1;84
4400;-120;-140;-199.502182;-176;1;84
4404;-119.999992;-140;-199.684387;-176;1;84
4408;-120;-140;-199.867569;-176;1;84
4412;-120;-140;-200.051743;-176;1;84
4416;-120;-140;-200.236954;-176;1;84
4420;-120;-140;-200.423203;-176;1;84
4424;-120;-140;-200.610504;-176;1;84
4428;-120;-140;-200.798813;-176;1;84
4432;-120;-140;-200.98819;-176;1;84
4436;-120;-140;-201.17868;-176;1;84
4440;-120.000008;-140;-201.37027;-176;1;84
4444;-120;-140;-201.562973;-176;1;84
4448;-120.000008;-140;-201.75676;-176;1;84
4452;-120;-140.000015;-201.951691;-176;1;84
4456;-120;-140;-202.147766;-176;1;84
4460;-120;-140;-202.345016;-176;1;84
4464;-120;-140;-202.543442;-176;1;84
4468;-119.999992;-140;-202.743042;-176;1;84
4472;-119.999992;-139.999985;-202.943878;-176;1;84
4476;-120;-140;-203.14595;-176;1;84
4480;-120;-140;-203.349197;-176;1;84
4484;-120;-140;-203.553726;-176;1;84
4488;-119.999992;-140;-203.759552;-176;1;84
4492;-120;-140;-203.966644;-176;1;84
4496;-119.876213;-139.876221;-204;-176;1;84
4500;-119.727928;-139.727936;-204.000015;-176;1;84
4504;-119.578697;-139.57869;-204;-176;1;84
4508;-119.428474;-139.428482;-204;-176;1;84
4512;-119.277298;-139.277298;-204;-176;1;84
4516;-119.125137;-139.125137;-204;-176;1;84
4520;-118.971985;-138.972;-204;-176;1;84
4524;-118.81781;-138.81781;-204;-176;1;84
4528;-118.662605;-138.662628;-204.000015;-176;1;84
4532;-118.506371;-138.506363;-204;-176;1;84
4536;-118.349052;-138.34906;-204;-176;1;84
4540;-118.190689;-138.190704;-204;-176;1;84
4544;-118.031258;-138.031265;-204;-176;1;84
4548;-117.870682;-137.870682;-204;-176;1;84
4552;-117.709015;-137.709015;-204;-176;1;84
4556;-117.546227;-137.546234;-204;-176;1;84
4560;-117.382263;-137.382248;-204;-176;1;84
4564;-117.217148;-137.217148;-204;-176;1;84
4568;-117.050835;-137.050858;-204;-176;1;84
4572;-116.883324;-136.883331;-203.999985;-176;1;84
4576;-116.714607;-136.714615;-204;-176;1;84
4580;-116.54464;-136.544647;-204;-176;1;84
4584;-116.373436;-136.373428;-204;-176;1;84
4588;-116.200928;-136.200912;-204;-176;1;84
4592;-116.027138;-136.027145;-204.000015;-176;1;84
4596;-115.852051;-135.852066;-204;-176;1;84
4600;-115.675583;-135.675598;-204.000015;-176;1;84
4604;-115.49781;-135.497803;-204.000015;-176;1;84
4608;-115.318626;-135.318604;-204;-176;1;84
4612;-115.138069;-135.138077;-204;-176;1;84
4616;-114.956085;-134.956085;-203.999985;-176;1;84
4620;-114.772636;-134.772644;-204;-176;1;84
4624;-114.587746;-134.587753;-203.999985;-176;1;84
4628;-114.401344;-134.401352;-204;-176;1;84
4632;-114.213455;-134.213455;-204;-176;1;84
4636;-114.02401;-134.024002;-204;-176;1;84
4640;-113.832977;-133.832993;-204;-176;1;84
4644;-113.640381;-133.640396;-204;-176;1;84
4648;-113.446159;-133.446152;-204;-176;1;84
4652;-113.25029;-133.250305;-204;-176;1;84
4656;-113.052773;-133.05275;-204.000015;-176;1;84
4660;-112.853516;-132.853516;-204;-176;1;84
4664;-112.65255;-132.652557;-204;-176;1;84
4668;-112.449821;-132.449829;-204;-176;1;84
4672;-112.245277;-132.245285;-204;-176;1;84
4676;-112.03894;-132.03894;-204;-176;1;84
4680;-111.830696;-131.830688;-204;-176;1;84
4684;-111.620613;-131.620621;-204;-176;1;84
4688;-111.408585;-131.4086;-204;-176;1;84
4692;-111.19458;-131.194611;-204;-176;1;84
4696;-110.978622;-130.978622;-204;-176;1;84
4700;-110.76059;-130.760574;-204;-176;1;84
4704;-110.54052;-130.540527;-204;-176;1;84
4708;-110.318336;-130.318344;-204;-176;1;84
4712;-110.093971;-130.093979;-204;-176;1;84
4716;-109.867462;-129.867447;-204.000015;-176;1;84
4720;-109.638664;-129.638672;-204;-176;1;84
4724;-109.407646;-129.407654;-204;-176;1;84
4728;-109.174286;-129.174286;-204;-176;1;84
4732;-108.938553;-128.938553;-204;-176;1;84
4736;-108.700439;-128.700455;-204;-176;1;84
4740;-108.459824;-128.459808;-204;-176;1;84
4744;-108.216736;-128.216736;-204;-176;1;84
4748;-107.971085;-127.9711;-204;-176;1;84
4752;-107.722786;-127.722801;-203.999985;-176;1;84
4756;-107.471863;-127.471863;-204;-176;1;84
4760;-107.218216;-127.218216;-204;-176;1;84
4764;-106.961754;-126.961784;-204;-176;1;84
4768;-106.702507;-126.702515;-204;-176;1;84
4772;-106.440315;-126.440315;-204;-176;1;84
4776;-106.175186;-126.175179;-204;-176;1;84
4780;-105.907059;-125.907066;-204;-176;1;84
4784;-105.635788;-125.635803;-204.000015;-176;1;84
4788;-105.36142;-125.361412;-204;-176;1;84
4792;-105.083763;-125.083771;-204.000015;-176;1;84
4796;-104.802872;-124.802872;-204;-176;1;84
4800;-104.5186;-124.5186;-204;-176;1;84
4804;-104.230835;-124.230843;-204;-176;1;84
4808;-103.939575;-123.939575;-204;-176;1;84
4812;-103.644684;-123.644676;-204.000015;-176;1;84
4816;-103.346123;-123.346138;-204;-176;1;84
4820;-103.043808;-123.043808;-204;-176;1;84
4824;-102.737579;-122.737587;-204.000015;-176;1;84
4828;-102.427414;-122.427422;-204;-176;1;84
4832;-102.113174;-122.113167;-204.000015;-176;1;84
4836;-101.794807;-121.794807;-204;-176;1;84
4840;-101.472198;-121.472206;-204;-176;1;84
4844;-101.14518;-121.145187;-204;-176;1;84
4848;-100.813751;-120.813751;-204;-176;1;84
4852;-100.477737;-120.477745;-204.000015;-176;1;84
4856;-100.136986;-120.136986;-204;-176;1;84
4860;-99.791473;-119.791481;-204;-176;1;84
4864;-99.440979;-119.440971;-204;-176;1;84
4868;-99.085464;-119.085472;-204;-176;1;84
4872;-98.724762;-118.72477;-204;-176;1;84
4876;-98.358673;-118.358681;-204;-176;1;84
4880;-97.987183;-117.987175;-204;-176;1;84
4884;-97.610023;-117.610039;-204;-176;1;84
4888;-97.227142;-117.227142;-204;-176;1;84
4892;-96.838348;-116.838341;-204;-176;1;84
4896;-96.44342;-116.443428;-204;-176;1;84
4900;-96.042297;-116.042297;-204;-176;1;84
4904;-95.634689;-115.634705;-204;-176;1;84
4908;-95.220573;-115.220581;-204;-176;1;84
4912;-94.79966;-114.79966;-204.000015;-176;1;84
4916;-94.375351;-114.375351;-204;-176;1;84
4920;-93.951111;-113.951111;-204;-176;1;84
4924;-93.526817;-113.526825;-204;-176;1;84
4928;-93.10257;-113.10257;-204;-176;1;84
4932;-92.678322;-112.678329;-204;-176;1;84
4936;-92.254021;-112.254021;-204;-176;1;84
4940;-91.829781;-111.829788;-203.999985;-176;1;84
4944;-91.405502;-111.405495;-204;-176;1;84
4948;-90.981247;-110.981239;-204;-176;1;84
4952;-90.556999;-110.556999;-204;-176;1;84
4956;-90.132706;-110.132713;-204.000015;-176;1;84
4960;-89.708473;-109.708473;-204;-176;1;84
4964;-89.28421;-109.284218;-204;-176;1;84
4968;-88.859924;-108.859932;-204;-176;1;84
4972;-88.435692;-108.435692;-204;-176;1;84
4976;-88.011383;-108.011383;-204;-176;1;84
4980;-87.587143;-107.587143;-204;-176;1;84
4984;-87.162888;-107.162888;-204;-176;1;84
4988;-86.738602;-106.738602;-204;-176;1;84
4992;-86.314362;-106.314354;-204;-176;1;84
4996;-85.89006;-105.890068;-204.000015;-176;1;84
5000;-85.465828;-105.465828;-204;-176;1;84
5004;-85.041573;-105.04158;-204;-176;1;84
5008;-84.617279;-104.617287;-204;-176;1;84
5012;-84.193047;-104.193047;-204;-176;1;84
5016;-83.768738;-103.768745;-204;-176;1;84
5020;-83.344505;-103.344498;-204;-176;1;84
5024;-82.920242;-102.92025;-204;-176;1;84
5028;-82.495956;-102.495956;-204;-176;1;84
5032;-82.071716;-102.071724;-203.999985;-176;1;84
5036;-81.647408;-101.647415;-204;-176;1;84
5040;-81.223167;-101.223175;-204;-176;1;84
5044;-80.798927;-100.798935;-204;-176;1;84
5048;-80.374641;-100.374641;-204.000015;-176;1;84
5052;-79.950409;-99.950409;-204;-176;1;84
5056;-79.526146;-99.526146;-204.000015;-176;1;84
5060;-79.101852;-99.10186;-204;-176;1;84
5064;-78.677605;-98.677605;-204;-176;1;84
5068;-78.253311;-98.253326;-204;-176;1;84
5072;-77.829063;-97.829056;-204;-176;1;84
5076;-77.404816;-97.404823;-204;-176;1;84
5080;-76.980537;-96.980537;-204;-176;1;84
5084;-76.55629;-96.556282;-203.999985;-176;1;84
5088;-76.131981;-96.131989;-204;-176;1;84
5092;-75.707741;-95.707741;-204;-176;1;84
5096;-75.283508;-95.283516;-204;-176;1;84
5100;-74.859215;-94.859222;-204;-176;1;84
5104;-74.434959;-94.434959;-204;-176;1;84
5108;-74.010674;-94.010674;-204;-176;1;84
5112;-73.586418;-93.586418;-204;-176;1;84
5116;-73.16217;-93.162178;-204;-176;1;84
5120;-72.737885;-92.737885;-204;-176;1;84
5124;-72.313637;-92.313637;-204;-176;1;84
5128;-71.889351;-91.889343;-204;-176;1;84
5132;-71.465096;-91.465103;-204;-176;1;84
5136;-71.040855;-91.040855;-204;-176;1;84
5140;-70.616562;-90.61657;-204;-176;1;84
5144;-70.192314;-90.192322;-204;-176;1;84
5148;-69.768036;-89.768036;-204;-176;1;84
5152;-69.343773;-89.343781;-204;-176;1;84
5156;-68.91954;-88.919533;-204;-176;1;84
5160;-68.495239;-88.495239;-204;-176;1;84
5164;-68.070992;-88.070992;-204;-176;1;84
5168;-67.646759;-87.646759;-204;-176;1;84
5172;-67.222443;-87.22245;-204;-176;1;84
5176;-66.79821;-86.798218;-204;-176;1;84
5180;-66.373917;-86.373924;-204;-176;1;84
5184;-65.949677;-85.949677;-204;-176;1;84
5188;-65.525444;-85.525444;-204.000015;-176;1;84
5192;-65.101143;-85.101135;-204;-176;1;84
5196;-64.676888;-84.676903;-204;-176;1;84
5200;-64.252586;-84.252586;-204;-176;1;84
5204;-63.82835;-83.828362;-204;-176;1;84
5208;-63.404121;-83.404114;-204;-176;1;84
5212;-62.979801;-82.979805;-204;-176;1;84
5216;-62.555573;-82.555573;-204;-176;1;84
5220;-62.131271;-82.131264;-203.999985;-176;1;84
5224;-61.707024;-81.707031;-204;-176;1;84
5228;-61.282787;-81.282784;-204;-176;1;84
5232;-60.85849;-80.85849;-204.000015;-176;1;84
5236;-60.434254;-80.434258;-204;-176;1;84
5240;-60.009945;-80.009949;-204;-176;1;84
5244;-59.585712;-79.585709;-204;-176;1;84
5248;-59.161472;-79.161476;-204;-176;1;84
5252;-58.737164;-78.737167;-204;-176;1;84
5256;-58.312923;-78.312927;-204;-176;1;84
5260;-57.888676;-77.888672;-203.999985;-176;1;84
5264;-57.464382;-77.464378;-204;-176;1;84
5268;-57.040134;-77.040138;-204;-176;1;84
5272;-56.615845;-76.615837;-204;-176;1;84
5276;-56.191608;-76.191605;-203.999985;-176;1;84
5280;-55.767353;-75.767357;-204;-176;1;84
5284;-55.343067;-75.343071;-204;-176;1;84
5288;-54.918812;-74.918823;-204;-176;1;84
5292;-54.494522;-74.494522;-204.000015;-176;1;84
5296;-54.070286;-74.07029;-204;-176;1;84
5300;-53.64603;-73.646034;-204;-176;1;84
5304;-53.221745;-73.221748;-204;-176;1;84
5308;-52.797482;-72.797485;-204;-176;1;84
5312;-52.373196;-72.373207;-204;-176;1;84
5316;-51.948959;-71.948959;-204;-176;1;84
5320;-51.524715;-71.524712;-204;-176;1;84
5324;-51.100426;-71.100426;-204.000015;-176;1;84
5328;-50.676174;-70.67617;-204;-176;1;84
5332;-50.251881;-70.251892;-204;-176;1;84
5336;-49.827641;-69.827644;-204;-176;1;84
5340;-49.403389;-69.403397;-204;-176;1;84
5344;-48.979099;-68.979103;-204;-176;1;84
5348;-48.55484;-68.55484;-204;-176;1;84
5352;-48.130608;-68.130608;-204;-176;1;84
5356;-47.706318;-67.706306;-204;-176;1;84
5360;-47.282063;-67.282066;-204;-176;1;84
5364;-46.857773;-66.85778;-204;-176;1;84
5368;-46.433529;-66.433525;-204;-176;1;84
5372;-46.009289;-66.009293;-204;-176;1;84
5376;-45.584988;-65.584991;-204;-176;1;84
5380;-45.160748;-65.160751;-204;-176;1;84
5384;-44.736465;-64.736473;-204;-176;1;84
5388;-44.312199;-64.312202;-204;-176;1;84
5392;-43.887962;-63.887962;-204;-176;1;84
5396;-43.463654;-63.463665;-204;-176;1;84
5400;-43.039417;-63.039413;-204;-176;1;84
5404;-42.615131;-62.615135;-204;-176;1;84
5408;-42.190884;-62.19088;-204;-176;1;84
5412;-41.766644;-61.766644;-203.999985;-176;1;84
5416;-41.342339;-61.342342;-204.000015;-176;1;84
5420;-40.918102;-60.918098;-204;-176;1;84
5424;-40.493813;-60.493816;-204.000015;-176;1;84
5428;-40.069561;-60.069561;-204;-176;1;84
5432;-39.645325;-59.645329;-204;-176;1;84
5436;-39.22102;-59.221016;-204;-176;1;84
5440;-38.796783;-58.796783;-204;-176;1;84
5444;-38.372482;-58.372486;-204;-176;1;84
5448;-37.948235;-57.948235;-204;-176;1;84
5452;-37.523998;-57.523998;-203.999985;-176;1;84
5456;-37.099693;-57.099693;-204;-176;1;84
5460;-36.675453;-56.675457;-204;-176;1;84
5464;-36.251205;-56.251202;-204;-176;1;84
5468;-35.82692;-55.826916;-204.000015;-176;1;84
5472;-35.402676;-55.402676;-204;-176;1;84
5476;-34.978374;-54.978378;-204;-176;1;84
5480;-34.554138;-54.554138;-204;-176;1;84
5484;-34.129883;-54.129879;-204;-176;1;84
5488;-33.705612;-53.705612;-204;-176;1;84
5492;-33.281357;-53.281353;-204;-176;1;84
5496;-32.857056;-52.857056;-204;-176;1;84
5500;-32.4328;-52.4328;-204;-176;1;84
5504;-32.008568;-52.008575;-204;-176;1;84
5508;-31.584274;-51.584274;-204;-176;1;84
5512;-31.160021;-51.160023;-204;-176;1;84
5516;-30.73575;-50.735744;-204.000015;-176;1;84
5520;-30.311493;-50.311493;-204;-176;1;84
5524;-29.887238;-49.887245;-204;-176;1;84
5528;-29.462933;-49.462936;-204;-176;1;84
5532;-29.038712;-49.038715;-204;-176;1;84
5536;-28.614403;-48.614407;-204;-176;1;84
5540;-28.190155;-48.190159;-204;-176;1;84
5544;-27.76593;-47.765926;-204;-176;1;84
5548;-27.341631;-47.341629;-204;-176;1;84
5552;-26.917377;-46.917377;-204.000015;-176;1;84
5556;-26.493145;-46.493145;-204;-176;1;84
5560;-26.06885;-46.068851;-204;-176;1;84
5564;-25.644598;-45.6446;-204;-176;1;84
5568;-25.220295;-45.220295;-204;-176;1;84
5572;-24.796072;-44.79607;-204;-176;1;84
5576;-24.371819;-44.371819;-204;-176;1;84
5580;-23.947508;-43.94751;-204;-176;1;84
5584;-23.523287;-43.523289;-204;-176;1;84
5588;-23.09898;-43.098984;-204;-176;1;84
5592;-22.674728;-42.674728;-204;-176;1;84
5596;-22.250505;-42.250507;-204;-176;1;84
5600;-21.826206;-41.826199;-204;-176;1;84
5604;-21.401955;-41.401955;-204;-176;1;84
5608;-20.977648;-40.97765;-204;-176;1;84
5612;-20.553423;-40.553429;-204;-176;1;84
5616;-20.129173;-40.129173;-204;-176;1;84
5620;-19.704868;-39.704868;-204;-176;1;84
5624;-19.280645;-39.280647;-204;-176;1;84
5628;-18.856342;-38.856339;-204;-176;1;84
5632;-18.432093;-38.432091;-204;-176;1;84
5636;-18.007832;-38.007828;-204;-176;1;84
5640;-17.583561;-37.583565;-204;-176;1;84
5644;-17.159311;-37.159313;-204.000015;-176;1;84
5648;-16.735008;-36.735008;-204;-176;1;84
5652;-16.310787;-36.310783;-204;-176;1;84
5656;-15.88653;-35.886532;-204;-176;1;84
5660;-15.462222;-35.462231;-204;-176;1;84
5664;-15.037998;-35.037998;-204;-176;1;84
5668;-14.613749;-34.61375;-204;-176;1;84
5672;-14.189441;-34.189442;-204;-176;1;84
5676;-13.765191;-33.765194;-204;-176;1;84
5680;-13.340917;-33.340912;-204;-176;1;84
5684;-12.916667;-32.916664;-204;-176;1;84
5688;-12.492414;-32.492416;-204;-176;1;84
5692;-12.068132;-32.068134;-204;-176;1;84
5696;-11.643886;-31.64389;-204;-176;1;84
5700;-11.219585;-31.219585;-204;-176;1;84
5704;-10.795362;-30.795362;-204;-176;1;84
5708;-10.371109;-30.371107;-204;-176;1;84
5712;-9.946804;-29.946804;-204;-176;1;84
5716;-9.522543;-29.522547;-204;-176;1;84
5720;-9.098269;-29.098276;-204;-176;1;84
5724;-8.674015;-28.674019;-204;-176;1;84
5728;-8.24977;-28.249765;-204;-176;1;84
5732;-7.825488;-27.825491;-204;-176;1;84
5736;-7.401242;-27.401237;-204;-176;1;84
5740;-6.976945;-26.976942;-204;-176;1;84
5744;-6.552684;-26.552689;-204;-176;1;84
5748;-6.12846;-26.128464;-204;-176;1;84
5752;-5.704156;-25.704161;-204;-176;1;84
5756;-5.279903;-25.279902;-204;-176;1;84
5760;-4.855687;-24.855682;-204;-176;1;84
5764;-4.431383;-24.431376;-204;-176;1;84
5768;-4.00713;-24.007128;-204;-176;1;84
5772;-3.582848;-23.582848;-204;-176;1;84
5776;-3.158594;-23.1586;-204;-176;1;84
5780;-2.734341;-22.734341;-204;-176;1;84
5784;-2.310044;-22.310047;-204;-176;1;84
5788;-1.885813;-21.885813;-204;-176;1;84
5792;-1.461516;-21.461521;-204;-176;1;84
5796;-1.03727;-21.037266;-204;-176;1;84
5800;-0.613032;-20.613035;-204;-176;1;84
5804;-0.188735;-20.188738;-204;-176;1;84
5808;0.235518;-19.764477;-204;-176;1;84
5812;0.659822;-19.340179;-204;-176;1;84
5816;1.084046;-18.915949;-204;-176;1;84
5820;1.5083;-18.491705;-204;-176;1;84
5824;1.932604;-18.067402;-204;-176;1;84
5828;2.356827;-17.643169;-204;-176;1;84
5832;2.781124;-17.218874;-204;-176;1;84
5836;3.205385;-16.794619;-204;-176;1;84
5840;3.629601;-16.370399;-204;-176;1;84
5844;4.053905;-15.946087;-204;-176;1;84
5848;4.478159;-15.521841;-204;-176;1;84
5852;4.90242;-15.097584;-204;-176;1;84
5856;5.326694;-14.673317;-204;-176;1;84
5860;5.750947;-14.249056;-204;-176;1;84
5864;6.175244;-13.824752;-204;-176;1;84
5868;6.599475;-13.400528;-204;-176;1;84
5872;7.023721;-12.976274;-204;-176;1;84
5876;7.448018;-12.551978;-204;-176;1;84
5880;7.872256;-12.127747;-204;-176;1;84
5884;8.296553;-11.70345;-204;-176;1;84
5888;8.720799;-11.279197;-204;-176;1;84
5892;9.14506;-10.854937;-204;-176;1;84
5896;9.569326;-10.43067;-204;-176;1;84
5900;9.99358;-10.006408;-204;-176;1;84
5904;10.417892;-9.582111;-204;-176;1;84
5908;10.842115;-9.15788;-204;-176;1;84
5912;11.26637;-8.733634;-204;-176;1;84
5916;11.690674;-8.30933;-204;-176;1;84
5920;12.114919;-7.885085;-204;-176;1;84
5924;12.539201;-7.460803;-204;-176;1;84
5928;12.960355;-7.039649;-204;-176;1;84
5932;13.377322;-6.622682;-204;-176;1;84
5936;13.790308;-6.209695;-204;-176;1;84
5940;14.199225;-5.800775;-204;-176;1;84
5944;14.60432;-5.39568;-204;-176;1;84
5948;15.005564;-4.994432;-204;-176;1;84
5952;15.403086;-4.596918;-204;-176;1;84
5956;15.797034;-4.202962;-204;-176;1;84
5960;16.187407;-3.812585;-204;-176;1;84
5964;16.574286;-3.425717;-204;-176;1;84
5968;16.957855;-3.042148;-204;-176;1;84
5972;17.338037;-2.661963;-204;-176;1;84
5976;17.715044;-2.284951;-204;-176;1;84
5980;18.088823;-1.91118;-204;-176;1;84
5984;18.459507;-1.540486;-204;-176;1;84
5988;18.827196;-1.172803;-204;-176;1;84
5992;19.19187;-0.808129;-204;-176;1;84
5996;19.553707;-0.446295;-204;-176;1;84
6000;19.912638;-0.087366;-204;-176;1;84
6004;20.268793;0.268793;-204;-176;1;84
6008;20.62229;0.622289;-204;-176;1;84
6012;20.973045;0.973038;-204;-176;1;84
6016;21.321245;1.321244;-204;-176;1;84
6020;21.666845;1.666846;-204;-176;1;84
6024;22.009951;2.009951;-204;-176;1;84
6028;22.350636;2.350639;-204;-176;1;84
6032;22.688875;2.688879;-204;-176;1;84
6036;23.024797;3.024798;-204;-176;1;84
6040;23.358376;3.358367;-204;-176;1;84
6044;23.689705;3.689709;-204;-176;1;84
6048;24.01885;4.018847;-204;-176;1;84
6052;24.345785;4.345786;-204;-176;1;84
6056;24.670601;4.670601;-204;-176;1;84
6060;24.993376;4.993384;-204;-176;1;84
6064;25.314058;5.314057;-204;-176;1;84
6068;25.632778;5.632778;-204;-176;1;84
6072;25.949499;5.949495;-204;-176;1;84
6076;26.264294;6.26429;-204;-176;1;84
6080;26.577206;6.577215;-204;-176;1;84
6084;26.888264;6.888262;-204;-176;1;84
6088;27.197527;7.197528;-204;-176;1;84
6092;27.504959;7.504954;-204;-176;1;84
6096;27.810678;7.810675;-204;-176;1;84
6100;28.114677;8.114674;-204;-176;1;84
6104;28.416973;8.416974;-204;-176;1;84
6108;28.717659;8.717656;-204;-176;1;84
6112;29.016695;9.016693;-204;-176;1;84
6116;29.314121;9.314121;-204;-176;1;84
6120;29.610054;9.610058;-204;-176;1;84
6124;29.904379;9.904379;-204;-176;1;84
6128;30.197262;10.197268;-204;-176;1;84
6132;30.488626;10.488631;-204;-176;1;84
6136;30.778572;10.778572;-204;-176;1;84
6140;31.067104;11.067109;-204;-176;1;84
6144;31.354212;11.354204;-204;-176;1;84
6148;31.639975;11.639977;-204;-176;1;84
6152;31.924381;11.924382;-204;-176;1;84
6156;32.207458;12.207469;-204;-176;1;84
6160;32.489281;12.489285;-204;-176;1;84
6164;32.769798;12.7698;-204;-176;1;84
6168;33.049061;13.049066;-204;-176;1;84
6172;33.327129;13.327127;-204;-176;1;84
6176;33.603989;13.603992;-204;-176;1;84
6180;33.879669;13.879669;-204;-176;1;84
6184;34.154175;14.154173;-204;-176;1;84
6188;34.42754;14.427536;-204;-176;1;84
6192;34.699814;14.699807;-204;-176;1;84
6196;34.970947;14.970952;-204;-176;1;84
6200;35.241058;15.24107;-204;-176;1;84
6204;35.510071;15.510067;-204;-176;1;84
6208;35.778069;15.778067;-204;-176;1;84
6212;36.045033;16.045038;-204;-176;1;84
6216;36.310993;16.310995;-204;-176;1;84
6220;36.576008;16.576006;-204;-176;1;84
6224;36.840027;16.840031;-204;-176;1;84
6228;37.103077;17.103077;-204;-176;1;84
6232;37.365261;17.365255;-204;-176;1;84
6236;37.62648;17.626484;-204;-176;1;84
6240;37.886829;17.886826;-204;-176;1;84
6244;38.146278;18.146278;-204;-176;1;84
6248;38.404877;18.404884;-204;-176;1;84
6252;38.66264;18.662638;-204;-176;1;84
6256;38.919533;18.91954;-204;-176;1;84
6260;39.175625;19.175623;-204;-176;1;84
6264;39.43095;19.43095;-204;-176;1;84
6268;39.685478;19.685469;-204;-176;1;84
6272;39.939236;19.939236;-204;-176;1;84
6276;40.192226;20.19223;-204;-176;1;84
6280;40.444447;20.444443;-204;-176;1;84
6284;40.695988;20.69599;-204;-176;1;84
6288;40.946781;20.946779;-204;-176;1;84
6292;41.196911;21.196913;-204;-176;1;84
6296;41.446331;21.446329;-204;-176;1;84
6300;41.695061;21.695063;-204;-176;1;84
6304;41.943153;21.94315;-204;-176;1;84
6308;42.19059;22.190592;-204;-176;1;84
6312;42.437408;22.43741;-204;-176;1;84
6316;42.683571;22.683575;-204;-176;1;84
6320;42.929146;22.929152;-204;-176;1;84
6324;43.174156;23.174156;-204;-176;1;84
6328;43.418518;23.41852;-204;-176;1;84
6332;43.662354;23.662357;-204;-176;1;84
6336;43.905602;23.905603;-204;-176;1;84
6340;44.148293;24.148294;-204;-176;1;84
6344;44.39048;24.390486;-204;-176;1;84
6348;44.632099;24.632103;-204;-176;1;84
6352;44.873234;24.873238;-204;-176;1;84
6356;45.113865;25.113865;-204;-176;1;84
6360;45.353996;25.353991;-204;-176;1;84
6364;45.593651;25.593647;-204;-176;1;84
6368;45.832794;25.832796;-204;-176;1;84
6372;46.071487;26.071487;-204;-176;1;84
6376;46.309769;26.309767;-204;-176;1;84
6380;46.547592;26.547596;-204;-176;1;84
6384;46.785;26.784998;-204;-176;1;84
6388;47.021946;27.021944;-204;-176;1;84
6392;47.258503;27.258501;-204;-176;1;84
6396;47.494659;27.494659;-204;-176;1;84
6400;47.730412;27.730419;-204;-176;1;84
6404;47.965805;27.965811;-204;-176;1;84
6408;48.200829;28.20083;-204;-176;1;84
6412;48.435452;28.435453;-204;-176;1;84
6416;48.669788;28.669785;-204;-176;1;84
6420;48.903713;28.903719;-204;-176;1;84
6424;49.13736;29.13736;-204;-176;1;84
6428;49.370628;29.370638;-204;-176;1;84
6432;49.603611;29.603617;-204;-176;1;84
6436;49.836304;29.836304;-204;-176;1;84
6440;50.06868;30.06868;-204;-176;1;84
6444;50.300793;30.300791;-204;-176;1;84
6448;50.532578;30.532574;-204;-176;1;84
6452;50.764107;30.764107;-204;-176;1;84
6456;50.995426;30.995422;-204;-176;1;84
6460;51.22641;31.226418;-204;-176;1;84
6464;51.457195;31.457205;-204;-176;1;84
6468;51.687748;31.687748;-204;-176;1;84
6472;51.918056;31.918056;-204;-176;1;84
6476;52.148182;32.148182;-204;-176;1;84
6480;52.37804;32.378048;-204;-176;1;84
6484;52.607712;32.607708;-204;-176;1;84
6488;52.837223;32.837223;-204;-176;1;84
6492;53.066502;33.066505;-204;-176;1;84
6496;53.29565;33.295647;-204;-176;1;84
6500;53.524612;33.524612;-204;-176;1;84
6504;53.75338;33.753384;-204;-176;1;84
6508;53.982025;33.982029;-204;-176;1;84
6512;54.210506;34.21051;-204;-176;1;84
6516;54.438881;34.438885;-204;-176;1;84
6520;54.667072;34.667068;-204;-176;1;84
6524;54.895161;34.895164;-204;-176;1;84
6528;55.123161;35.123165;-204;-176;1;84
6532;55.351036;35.351036;-204;-176;1;84
6536;55.578823;35.578827;-204;-176;1;84
6540;55.806496;35.806496;-204;-176;1;84
6544;56.034081;36.034081;-204;-176;1;84
6548;56.261631;36.261639;-204;-176;1;84
6552;56.489079;36.489082;-204;-176;1;84
6556;56.71645;36.71645;-204;-176;1;84
6560;56.943817;36.943829;-204;-176;1;84
6564;57.171085;37.171089;-204;-176;1;84
6568;57.398373;37.398376;-204;-176;1;84
6572;57.625595;37.625595;-204;-176;1;84
6576;57.852776;37.852776;-204;-176;1;84
6580;58.07999;38.07999;-204;-176;1;84
6584;58.30714;38.30714;-204;-176;1;84
6588;58.53434;38.53434;-204;-176;1;84
6592;58.761517;38.761517;-204;-176;1;84
6596;58.988701;38.988701;-203.999985;-176;1;84
6600;59.215942;39.215946;-204;-176;1;84
6604;59.443184;39.443188;-204;-176;1;84
6608;59.670479;39.670479;-204;-176;1;84
6612;59.897793;39.897797;-204;-176;1;84
6616;60.12516;40.125156;-204;-176;1;84
6620;60.352612;40.352619;-204;-176;1;84
6624;60.580109;40.580116;-204;-176;1;84
6628;60.807697;40.807701;-204;-176;1;84
6632;61.035336;41.035336;-204;-176;1;84
6636;61.263069;41.263073;-203.999985;-176;1;84
6640;61.49094;41.490952;-204;-176;1;84
6644;61.718876;41.71888;-204;-176;1;84
6648;61.946934;41.946938;-204;-176;1;84
6652;62.175102;42.175102;-204;-176;1;84
6656;62.4034;42.403397;-204;-176;1;84
6660;62.631824;42.631828;-204;-176;1;84
6664;62.860394;42.86039;-204;-176;1;84
6668;63.089104;43.089111;-204;-176;1;84
6672;63.317993;43.317982;-204;-176;1;84
6676;63.547024;43.54702;-204;-176;1;84
6680;63.776249;43.776249;-204;-176;1;84
6684;64.005615;44.005611;-204;-176;1;84
6688;64.235168;44.235172;-204;-176;1;84
6692;64.464958;44.464951;-204.000015;-176;1;84
6696;64.694901;44.694912;-204;-176;1;84
6700;64.925087;44.925095;-204;-176;1;84
6704;65.155464;45.155453;-204;-176;1;84
6708;65.386063;45.386063;-204;-176;1;84
6712;65.616928;45.61692;-204;-176;1;84
6716;65.847992;45.847996;-204;-176;1;84
6720;66.079338;46.079334;-204;-176;1;84
6724;66.310913;46.310909;-204;-176;1;84
6728;66.542732;46.542728;-204;-176;1;84
6732;66.774864;46.774872;-204;-176;1;84
6736;67.00724;47.00724;-204;-176;1;84
6740;67.23996;47.23996;-204;-176;1;84
6744;67.472908;47.472912;-204;-176;1;84
6748;67.706161;47.706161;-204;-176;1;84
6752;67.939774;47.93977;-204;-176;1;84
6756;68.17366;48.17366;-204;-176;1;84
6760;68.407883;48.407883;-204;-176;1;84
6764;68.642456;48.642456;-204;-176;1;84
6768;68.87735;48.877342;-204;-176;1;84
6772;69.112617;49.112629;-204;-176;1;84
6776;69.348228;49.348228;-203.999985;-176;1;84
6780;69.58419;49.584198;-204;-176;1;84
6784;69.820564;49.820572;-204;-176;1;84
6788;70.057312;50.057316;-204;-176;1;84
6792;70.294449;50.294456;-204;-176;1;84
6796;70.531982;50.531982;-204;-176;1;84
6800;70.769905;50.769917;-204;-176;1;84
6804;71.008301;51.008305;-204;-176;1;84
6808;71.24707;51.247078;-204;-176;1;84
6812;71.486336;51.486336;-204;-176;1;84
6816;71.726006;51.726002;-203.999985;-176;1;84
6820;71.966103;51.966106;-204;-176;1;84
6824;72.206741;52.206745;-204;-176;1;84
6828;72.447784;52.447792;-204;-176;1;84
6832;72.689354;52.689358;-204;-176;1;84
6836;72.931358;52.931362;-204;-176;1;84
6840;73.173889;53.173897;-204;-176;1;84
6844;73.416962;53.416969;-204;-176;1;84
6848;73.660507;53.660503;-204;-176;1;84
6852;73.904602;53.904606;-204;-176;1;84
6856;74.149254;54.149258;-204;-176;1;84
6860;74.394409;54.394413;-204;-176;1;84
6864;74.640175;54.640182;-204;-176;1;84
6868;74.886475;54.886467;-204;-176;1;84
6872;75.133324;55.133324;-204;-176;1;84
6876;75.380806;55.38081;-204;-176;1;84
6880;75.628868;55.628876;-204;-176;1;84
6884;75.877556;55.87756;-204;-176;1;84
6888;76.126839;56.126835;-204;-176;1;84
6892;76.376755;56.376762;-204;-176;1;84
6896;76.627319;56.627323;-204;-176;1;84
6900;76.87851;56.87851;-204.000015;-176;1;84
6904;77.130394;57.130394;-204;-176;1;84
6908;77.382919;57.382931;-204;-176;1;84
6912;77.636131;57.636131;-204;-176;1;84
6916;77.890045;57.890049;-204;-176;1;84
6920;78.144646;58.144657;-204;-176;1;84
6924;78.400002;58.400005;-203.999985;-176;1;84
6928;78.656059;58.656067;-204;-176;1;84
6932;78.912834;58.912834;-204;-176;1;84
6936;79.170395;59.170406;-204;-176;1;84
6940;79.428696;59.428692;-204;-176;1;84
6944;79.687775;59.687775;-204.000015;-176;1;84
6948;79.947647;59.947651;-204;-176;1;84
6952;80.208282;60.208286;-204;-176;1;84
6956;80.469765;60.469776;-204;-176;1;84
6960;80.732063;60.732059;-204;-176;1;84
6964;80.995155;60.995159;-204;-176;1;84
6968;81.25914;61.259136;-204;-176;1;84
6972;81.523949;61.523956;-204;-176;1;84
6976;81.789665;61.789677;-204;-176;1;84
6980;82.056236;62.056244;-204;-176;1;84
6984;82.3237;62.323708;-204;-176;1;84
6988;82.59214;62.59214;-204;-176;1;84
6992;82.861427;62.861435;-204;-176;1;84
6996;83.131714;63.131721;-204;-176;1;84
7000;83.402901;63.402905;-204;-176;1;84
7004;83.675056;63.67506;-204;-176;1;84
7008;83.94825;63.94825;-204;-176;1;84
7012;84.222374;64.222374;-203.999985;-176;1;84
7016;84.497559;64.497551;-204;-176;1;84
7020;84.773697;64.773697;-204;-176;1;84
7024;85.050903;65.050903;-204;-176;1;84
7028;85.329208;65.329201;-204;-176;1;84
7032;85.608536;65.608536;-204;-176;1;84
7036;85.888969;65.888969;-204;-176;1;84
7040;86.170464;66.170471;-204.000015;-176;1;84
7044;86.453102;66.453102;-204;-176;1;84
7048;86.736877;66.736885;-204;-176;1;84
7052;87.021751;67.021759;-204;-176;1;84
7056;87.307831;67.307831;-204;-176;1;84
7060;87.595116;67.595108;-204;-176;1;84
7064;87.883499;67.883499;-204;-176;1;84
7068;88.173187;68.173187;-204;-176;1;84
7072;88.46405;68.464058;-204;-176;1;84
7076;88.756149;68.756149;-203.999985;-176;1;84
7080;89.049561;69.049576;-204;-176;1;84
7084;89.344208;69.344215;-204;-176;1;84
7088;89.64019;69.64019;-204;-176;1;84
7092;89.937462;69.937469;-204;-176;1;84
7096;90.236053;70.236053;-204;-176;1;84
7100;90.536026;70.536034;-204;-176;1;84
7104;90.837334;70.837341;-204;-176;1;84
7108;91.140091;71.140099;-204;-176;1;84
7112;91.444191;71.444199;-204;-176;1;84
7116;91.749741;71.749748;-204;-176;1;84
7120;92.056763;72.056763;-204;-176;1;84
7124;92.365196;72.365204;-204;-176;1;84
7128;92.675179;72.675186;-204;-176;1;84
7132;92.986595;72.986603;-204;-176;1;84
7136;93.299568;73.299568;-204;-176;1;84
7140;93.614105;73.614113;-204;-176;1;84
7144;93.930191;73.930199;-204;-176;1;84
7148;94.247879;74.247887;-204;-176;1;84
7152;94.567139;74.567131;-204;-176;1;84
7156;94.888039;74.888046;-204;-176;1;84
7160;95.210609;75.210617;-204;-176;1;84
7164;95.534828;75.534836;-204;-176;1;84
7168;95.860733;75.860741;-204;-176;1;84
7172;96.188393;76.188408;-204;-176;1;84
7176;96.517746;76.517754;-204.000015;-176;1;84
7180;96.8489;76.848907;-204;-176;1;84
7184;97.181816;77.181824;-204;-176;1;84
7188;97.51651;77.51651;-204;-176;1;84
7192;97.853088;77.853088;-204;-176;1;84
7196;98.19146;78.191467;-204.000015;-176;1;84
7200;98.531769;78.531769;-204;-176;1;84
7204;98.873932;78.873932;-204;-176;1;84
7208;99.218018;79.218018;-204;-176;1;84
7212;99.564072;79.564072;-204;-176;1;84
7216;99.912086;79.912079;-204;-176;1;84
7220;100.2621;80.262093;-204;-176;1;84
7224;100.614113;80.614105;-204;-176;1;84
7228;100.968147;80.96814;-204;-176;1;84
7232;101.324318;81.324326;-204;-176;1;84
7236;101.682533;81.682541;-204;-176;1;84
7240;102.042877;82.042892;-204;-176;1;84
7244;102.405365;82.405365;-204;-176;1;84
7248;102.769997;82.769989;-204;-176;1;84
7252;103.136856;83.136864;-204;-176;1;84
7256;103.505898;83.50589;-204;-176;1;84
7260;103.877167;83.877167;-204;-176;1;84
7264;104.250778;84.250786;-204;-176;1;84
7268;104.626579;84.626595;-203.999985;-176;1;84
7272;105.004807;85.004822;-204;-176;1;84
7276;105.3853;85.385292;-204;-176;1;84
7280;105.76815;85.76815;-203.999985;-176;1;84
7284;106.153465;86.153473;-204;-176;1;84
7288;106.541138;86.541138;-204;-176;1;84
7292;106.931297;86.931297;-204;-176;1;84
7296;107.323868;87.323875;-204;-176;1;84
7300;107.718925;87.718925;-204;-176;1;84
7304;108.116562;88.116554;-204;-176;1;84
7308;108.51667;88.516678;-204;-176;1;84
7312;108.91938;88.91938;-204.000015;-176;1;84
7316;109.324631;89.324646;-203.999985;-176;1;84
7320;109.732491;89.732498;-204;-176;1;84
7324;110.143021;90.143044;-204;-176;1;84
7328;110.55616;90.556168;-204.000015;-176;1;84
7332;110.972023;90.972031;-204;-176;1;84
7336;111.390533;91.390526;-204;-176;1;84
7340;111.811745;91.811745;-204;-176;1;84
7344;112.23555;92.235542;-204;-176;1;84
7348;112.659798;92.65979;-204;-176;1;84
7352;113.084007;93.084023;-204;-176;1;84
7356;113.508331;93.508324;-204;-176;1;84
7360;113.932579;93.932571;-204;-176;1;84
7364;114.356834;94.35685;-204;-176;1;84
7368;114.781097;94.781113;-204;-176;1;84
7372;115.20536;95.20536;-204;-176;1;84
7376;115.629669;95.629662;-204;-176;1;84
7380;116.053879;96.053886;-204;-176;1;84
7384;116.478188;96.478188;-204;-176;1;84
7388;116.902443;96.902435;-204;-176;1;84
7392;117.326653;97.326668;-204;-176;1;84
7396;117.750961;97.750961;-204;-176;1;84
7400;118.175217;98.175217;-204;-176;1;84
7404;118.599495;98.599495;-204;-176;1;84
7408;119.02375;99.023743;-203.999985;-176;1;84
7412;119.447998;99.448006;-204;-176;1;84
7416;119.872307;99.872307;-204;-176;1;84
7420;120.296532;100.296532;-204;-176;1;84
7424;120.720833;100.720833;-204;-176;1;84
7428;121.145088;101.145088;-204.000015;-176;1;84
7432;121.569313;101.569313;-204;-176;1;84
7436;121.993614;101.993622;-204.000015;-176;1;84
7440;122.417854;102.417862;-204;-176;1;84
7444;122.84214;102.842148;-204.000015;-176;1;84
7448;123.266388;103.266396;-204;-176;1;84
7452;123.690636;103.690636;-204;-176;1;84
7456;124.114937;104.114952;-204;-176;1;84
7460;124.539169;104.539162;-204;-176;1;84
7464;124.963425;104.963432;-204;-176;1;84
7468;125.387711;105.387733;-204;-176;1;84
7472;125.811951;105.811951;-204;-176;1;84
7476;126.236244;106.236259;-204;-176;1;84
7480;126.660507;106.660507;-204;-176;1;84
7484;127.084763;107.084755;-204;-176;1;84
7488;127.509026;107.509033;-204;-176;1;84
7492;127.933281;107.933289;-204;-176;1;84
7496;128.35759;108.35759;-204;-176;1;84
7500;128.781815;108.781815;-203.999985;-176;1;84
7504;129.206055;109.20607;-204;-176;1;84
7508;129.630386;109.630371;-204;-176;1;84
7512;130.054581;110.054588;-204;-176;1;84
7516;130.478882;110.478905;-204;-176;1;84
7520;130.903152;110.903152;-204.000015;-176;1;84
7524;131.327408;111.327408;-204;-176;1;84
7528;131.751678;111.751678;-204.000015;-176;1;84
7532;132.175934;112.175926;-204;-176;1;84
7536;132.600235;112.600235;-203.999985;-176;1;84
7540;133.02446;113.024467;-204;-176;1;84
7544;133.4487;113.448708;-204;-176;1;84
7548;133.873016;113.873009;-204;-176;1;84
7552;134.297256;114.297241;-204;-176;1;84
7556;134.721481;114.721497;-204;-176;1;84
7560;135.145782;115.145798;-204;-176;1;84
7564;135.570053;115.570061;-204.000015;-176;1;84
7568;135.994324;115.994324;-204;-176;1;84
7572;136.418579;116.418587;-204;-176;1;84
7576;136.842819;116.842827;-203.999985;-176;1;84
7580;137.26712;117.26712;-204;-176;1;84
7584;137.691345;117.691345;-203.999985;-176;1;84
7588;138.115646;118.115662;-204;-176;1;84
7592;138.539917;118.539917;-204;-176;1;84
7596;138.964127;118.964127;-204;-176;1;84
7600;139.388443;119.388428;-204;-176;1;84
7604;139.812683;119.812698;-204;-176;1;84
7608;140.236954;120.236969;-204;-176;1;84
7612;140.661209;120.661217;-204.000015;-176;1;84
7616;141.08548;121.085487;-204;-176;1;84
7620;141.50975;121.50975;-204.000015;-176;1;84
7624;141.93399;121.934006;-204;-176;1;84
7628;142.358307;122.358299;-204;-176;1;84
7632;142.782547;122.782547;-204;-176;1;84
7636;143.206772;123.206772;-204;-176;1;84
7640;143.631073;123.631088;-204;-176;1;84
7644;144.055359;124.055336;-204;-176;1;84
7648;144.479599;124.479607;-204;-176;1;84
7652;144.903854;124.90387;-204;-176;1;84
7656;145.32811;125.328125;-204;-176;1;84
7660;145.752411;125.752419;-203.999985;-176;1;84
7664;146.176636;126.176643;-204;-176;1;84
7668;146.600891;126.600876;-203.999985;-176;1;84
7672;147.025177;127.0252;-204;-176;1;84
7676;147.449417;127.449425;-203.999985;-176;1;84
7680;147.873718;127.873718;-204;-176;1;84
7684;148.297974;128.297974;-204;-176;1;84
7688;148.722214;128.722214;-204;-176;1;84
7692;149.146515;129.146515;-204;-176;1;84
7696;149.57077;129.570755;-204.000015;-176;1;84
7700;149.995056;129.995056;-204;-176;1;84
7704;150.419296;130.419296;-204.000015;-176;1;84
7708;150.843552;130.843552;-204;-176;1;84
7712;151.267838;131.267853;-203.999985;-176;1;84
7716;151.692062;131.692062;-204;-176;1;84
7720;152.116364;132.116364;-204;-176;1;84
7724;152.540604;132.540634;-204;-176;1;84
7728;152.964844;132.964844;-204;-176;1;84
7732;153.389145;133.389145;-204;-176;1;84
7736;153.8134;133.8134;-204;-176;1;84
7740;154.237701;134.237717;-204.000015;-176;1;84
7744;154.661926;134.661926;-204;-176;1;84
7748;155.086182;135.086182;-204;-176;1;84
7752;155.510483;135.510483;-204;-176;1;84
7756;155.934723;135.934723;-204;-176;1;84
7760;156.358963;136.358963;-204;-176;1;84
7764;156.783249;136.783264;-204;-176;1;84
7768;157.20752;137.207504;-204;-176;1;84
7772;157.63179;137.63179;-204;-176;1;84
7776;158.05603;138.056061;-204;-176;1;84
7780;158.480316;138.480301;-204;-176;1;84
7784;158.904572;138.904572;-204;-176;1;84
7788;159.328812;139.328842;-204.000015;-176;1;84
7792;159.753113;139.753128;-204;-176;1;84
7796;160;140;-203.749176;-176;1;84
7800;160;140;-203.1492;-176;1;84
7804;160;140;-202.549149;-176;1;84
7808;159.999985;140;-201.949158;-176;1;84
7812;160;140;-201.349136;-176;1;84
7816;160;140;-200.749161;-176;1;84
7820;160;140;-200.149185;-176;1;84
7824;160;140;-199.549149;-176;1;84
7828;160;140;-198.949173;-176;1;84
7832;160;140;-198.349121;-176;1;84
7836;160;140;-197.749176;-176;1;84
7840;160;140;-197.1492;-176;1;84
7844;160;140;-196.549149;-176;1;84
7848;160;140;-195.949142;-176;1;84
7852;160;140;-195.349197;-176;1;84
7856;160;140;-194.749146;-176;1;84
7860;160;140;-194.14917;-176;1;84
7864;160;140;-193.549164;-176;1;84
7868;160;140;-192.949173;-176;1;84
7872;160;140;-192.349197;-176;1;84
7876;160;140;-191.74913;-176;1;84
7880;160;139.999985;-191.14917;-176;1;84
7884;160;140;-190.549133;-176;1;84
7888;160;140;-189.949158;-176;1;84
7892;160;140;-189.351486;-176;1;84
7896;160;140;-188.758957;-176;1;84
7900;160;140;-188.171585;-176;1;84
7904;160;140;-187.589325;-176;1;84
7908;160;140;-187.012238;-176;1;84
7912;160;140.000015;-186.440231;-176;1;84
7916;160;140;-185.873215;-176;1;84
7920;160;140.000015;-185.31131;-176;1;84
7924;160;140;-184.754333;-176;1;84
7928;160;140;-184.202408;-176;1;84
7932;160;140;-183.655396;-176;1;84
7936;160;140;-183.113266;-176;1;84
7940;160;139.999985;-182.576111;-176;1;84
7944;160;140;-182.04364;-176;1;84
7948;160;140;-181.516144;-176;1;84
7952;160;139.999985;-180.993301;-176;1;84
7956;160;140;-180.47522;-176;1;84
7960;160;140;-179.961838;-176;1;84
7964;160;140;-179.453079;-176;1;84
7968;160;140;-178.948868;-176;1;84
7972;160;140;-178.44931;-176;1;84
7976;160;140;-177.954178;-176;1;84
7980;160;140;-177.463593;-176;1;84
7984;160;140;-176.977463;-176;1;84
7988;160;140;-176.49559;-176;1;84
7992;160;140;-176.018158;-176;1;84
7996;160;140;-175.544937;-176;1;84
8000;160;140.000015;-175.076035;-176;1;84
8004;160;140;-174.611282;-176;1;84
8008;160;140;-174.150787;-176;1;84
8012;160;140;-173.69429;-176;1;84
8016;160;140;-173.241867;-176;1;84
8020;160;140;-172.793549;-176;1;84
8024;160;139.999985;-172.349136;-176;1;84
8028;160;140;-171.90863;-176;1;84
8032;160;140;-171.472015;-176;1;84
8036;160;140;-171.039352;-176;1;84
8040;160;140;-170.610367;-176;1;84
8044;160;140;-170.18512;-176;1;84
8048;160;140;-169.763641;-176;1;84
8052;160;140;-169.345795;-176;1;84
8056;160;140;-168.931519;-176;1;84
8060;160;140;-168.520935;-176;1;84
8064;160;140;-168.11377;-176;1;84
8068;160;140;-167.710098;-176;1;84
8072;160;140;-167.30986;-176;1;84
8076;160;139.999985;-166.913116;-176;1;84
8080;160;140.000015;-166.519653;-176;1;84
8084;160;140;-166.129517;-176;1;84
8088;160;140;-165.742676;-176;1;84
8092;160;140;-165.359039;-176;1;84
8096;160;140;-164.978577;-176;1;84
8100;160;140;-164.601349;-176;1;84
8104;160;140;-164.227173;-176;1;84
8108;160;140;-164.000015;-176;1;84
